E_coli,Total_Coliforms,Enterococci,Turbidity,Residual_Chlorine,Nitrate,Disease_Risk
322,978,13,5.87,0.37,10.26,Diarrhea
127,1143,17,74.42,0.23,15.8,HepatitisA
1608,1320,75,13.09,0.23,16.35,Dysentery
310,1772,13,9.73,0.06,4.41,Diarrhea
686,2172,7,39.76,0.1,18.3,Cholera
1397,9264,7,29.23,0.05,17.6,Cholera
16,1010,29,9.01,0.38,11.13,Typhoid
135,2839,22,2.88,0.36,29.38,Typhoid
1608,3430,7,48.7,0.12,5.31,Cholera
386,1410,14,9.88,0.28,11.15,Diarrhea
1343,1273,82,7.87,0.18,1.33,Dysentery
284,1515,44,13.28,0.07,7.03,Dysentery
161,2227,0,83.15,0.08,18.14,HepatitisA
54,2296,45,6.03,0.24,25.82,Typhoid
42,337,30,8.09,0.65,17.31,Typhoid
1724,927,2,21.82,0.15,19.98,Cholera
1093,5785,11,43.65,0.15,16.85,Cholera
490,1433,3,12.1,0.47,9.69,Diarrhea
347,6362,1,20.98,0.01,8.89,Cholera
261,1847,43,5.54,0.24,16.01,Dysentery
605,1025,12,28.5,0.13,14.54,Cholera
470,3128,8,16.79,0.06,2.4,Cholera
502,8236,15,22.86,0.04,5.6,Cholera
167,3772,16,60.17,0.37,0.84,HepatitisA
43,377,7,74.11,0.03,9.32,HepatitisA
1543,1182,56,8.41,0.06,10.25,Dysentery
349,1997,3,17.16,0.48,8.21,Diarrhea
72,626,27,8.73,0.74,22.16,Typhoid
33,4347,25,23.07,0.23,4.27,HepatitisA
1096,1742,17,31.55,0.16,8.37,Cholera
83,1590,23,8.08,0.4,16.13,Typhoid
245,784,72,11.39,0.2,12.16,Dysentery
1556,674,53,5.85,0.11,8.88,Dysentery
82,3099,47,5.03,0.75,24.94,Typhoid
20,865,0,37.6,0.23,11.54,HepatitisA
187,2768,21,40.68,0.42,18.64,HepatitisA
297,458,3,16.96,0.05,10.06,Diarrhea
374,1773,64,14.82,0.17,10.4,Dysentery
1517,8391,13,11.03,0.01,1.3,Cholera
182,1315,3,5.82,0.37,6.87,Diarrhea
88,1754,8,13.13,0.07,0.26,Diarrhea
322,1329,5,6.37,0.04,1.27,Diarrhea
225,1870,79,7.11,0.15,15.61,Dysentery
27,369,27,7.94,0.24,26.22,Typhoid
879,2015,14,35.51,0.17,13.94,Cholera
1037,7370,18,15.22,0.09,13.2,Cholera
22,3998,12,16.03,0.19,7.94,HepatitisA
197,3920,15,33.53,0.33,5.77,HepatitisA
369,788,0,17.42,0.14,4.45,Diarrhea
1325,1707,38,14.76,0.0,13.58,Dysentery
103,2616,28,71.03,0.32,15.6,HepatitisA
1053,1536,24,10.68,0.28,4.88,Dysentery
1046,1837,86,13.17,0.18,7.19,Dysentery
46,1138,12,30.75,0.07,11.72,HepatitisA
43,1826,30,8.44,0.21,18.26,Typhoid
33,4402,40,9.66,0.53,27.38,Typhoid
114,1013,10,5.8,0.18,9.53,Diarrhea
1907,896,67,8.97,0.22,10.81,Dysentery
18,1838,27,86.11,0.42,6.71,HepatitisA
454,733,7,13.04,0.11,7.98,Diarrhea
38,2181,35,4.37,0.64,13.64,Typhoid
209,7490,12,22.2,0.03,4.92,Cholera
153,3608,0,47.53,0.22,6.45,HepatitisA
1960,1153,49,14.53,0.25,12.16,Dysentery
311,9707,11,14.54,0.09,8.06,Cholera
72,3480,14,75.67,0.26,15.53,HepatitisA
46,2246,5,27.13,0.24,15.3,HepatitisA
1096,8482,12,31.53,0.07,19.55,Cholera
31,1211,23,22.33,0.3,11.23,HepatitisA
1556,1557,12,40.73,0.06,18.45,Cholera
63,3753,20,17.1,0.22,11.84,HepatitisA
759,9186,3,15.34,0.12,4.07,Cholera
657,984,78,6.09,0.25,17.63,Dysentery
1480,997,91,13.37,0.22,17.96,Dysentery
94,1822,13,77.66,0.04,11.11,HepatitisA
1633,1354,91,9.03,0.18,4.75,Dysentery
112,4939,9,75.21,0.22,7.79,HepatitisA
87,2377,9,71.15,0.39,18.57,HepatitisA
532,5668,19,30.61,0.1,0.93,Cholera
343,322,36,6.93,0.0,5.77,Dysentery
85,1455,7,88.91,0.25,4.07,HepatitisA
130,1382,19,3.78,0.73,17.75,Typhoid
176,3359,13,28.03,0.39,8.97,HepatitisA
51,1319,21,50.01,0.4,1.6,HepatitisA
135,635,6,22.24,0.06,13.3,HepatitisA
1819,8933,14,47.17,0.19,7.16,Cholera
456,1953,7,46.43,0.04,12.06,Cholera
114,475,37,1.11,0.31,26.44,Typhoid
143,523,13,11.86,0.09,14.46,Diarrhea
120,469,17,59.82,0.13,9.16,HepatitisA
170,1663,7,14.22,0.37,5.75,Diarrhea
169,3813,1,85.7,0.43,14.92,HepatitisA
144,1303,9,61.35,0.14,13.69,HepatitisA
953,7333,2,11.77,0.04,5.3,Cholera
600,1254,90,13.9,0.16,9.65,Dysentery
1531,609,76,10.74,0.03,13.27,Dysentery
987,1029,89,8.67,0.29,13.07,Dysentery
127,4908,27,8.12,0.69,11.4,Typhoid
27,2662,45,1.1,0.49,29.48,Typhoid
125,3250,0,27.29,0.35,13.25,HepatitisA
128,3929,42,8.56,0.56,28.58,Typhoid
385,325,10,11.94,0.13,0.09,Diarrhea
529,6723,8,43.16,0.09,9.56,Cholera
78,1058,24,4.63,0.3,24.86,Typhoid
647,8353,4,42.04,0.07,5.16,Cholera
1460,1609,91,2.2,0.25,2.27,Dysentery
97,3713,40,7.2,0.47,19.37,Typhoid
1154,997,26,14.7,0.02,2.4,Dysentery
1089,5943,13,16.86,0.09,16.07,Cholera
309,377,25,9.82,0.03,10.08,Dysentery
108,2708,28,13.57,0.33,19.75,HepatitisA
147,3989,21,9.66,0.36,17.91,Typhoid
1947,492,78,7.08,0.17,5.44,Dysentery
66,3189,47,8.78,0.49,18.57,Typhoid
9,2019,6,23.86,0.03,3.02,HepatitisA
494,1889,14,10.56,0.09,8.86,Diarrhea
1552,1933,72,2.31,0.1,0.72,Dysentery
796,857,10,17.41,0.03,12.9,Cholera
165,1790,12,11.05,0.48,4.76,Diarrhea
129,2229,9,70.53,0.23,19.97,HepatitisA
126,2286,35,4.85,0.62,10.85,Typhoid
65,3898,17,39.67,0.31,4.68,HepatitisA
1063,7019,1,5.15,0.11,0.94,Cholera
15,1213,28,7.65,0.54,22.73,Typhoid
746,1666,66,5.1,0.05,8.98,Dysentery
143,1988,43,9.93,0.29,29.78,Typhoid
1853,1875,58,11.26,0.24,18.56,Dysentery
1414,7004,18,41.74,0.06,2.07,Cholera
401,1213,1,14.39,0.46,5.48,Diarrhea
168,1399,17,49.89,0.45,4.83,HepatitisA
1769,1949,59,10.12,0.06,3.81,Dysentery
110,2807,14,84.5,0.16,9.9,HepatitisA
248,8844,1,43.32,0.0,7.77,Cholera
1151,6639,17,15.01,0.14,15.91,Cholera
95,3966,9,38.01,0.42,19.17,HepatitisA
631,207,39,7.03,0.09,10.58,Dysentery
78,1248,24,1.82,0.63,16.25,Typhoid
44,4320,26,26.04,0.05,9.91,HepatitisA
121,4205,11,12.18,0.38,18.54,HepatitisA
812,1316,22,2.23,0.15,18.01,Dysentery
51,1920,28,8.37,0.68,25.34,Typhoid
1244,4044,13,44.17,0.02,18.74,Cholera
150,1689,10,79.78,0.22,9.37,HepatitisA
118,4661,21,55.53,0.31,7.01,HepatitisA
187,1666,25,32.13,0.44,13.08,HepatitisA
377,469,49,6.46,0.19,0.17,Dysentery
151,3568,18,28.96,0.07,14.06,HepatitisA
124,3854,2,91.61,0.48,12.87,HepatitisA
1803,1602,77,7.36,0.06,6.31,Dysentery
537,7341,6,35.27,0.13,3.13,Cholera
372,282,5,19.39,0.01,10.42,Diarrhea
56,1896,4,5.73,0.09,1.81,Diarrhea
149,1953,2,7.33,0.45,12.19,Diarrhea
421,2792,15,40.43,0.03,13.55,Cholera
43,3685,42,1.81,0.5,27.2,Typhoid
81,1403,11,6.87,0.33,13.69,Diarrhea
56,4488,20,9.41,0.23,22.81,Typhoid
197,1741,0,8.99,0.33,6.91,Diarrhea
2,479,0,50.15,0.11,9.52,HepatitisA
117,1335,5,18.61,0.35,11.61,Diarrhea
420,496,11,14.12,0.11,1.46,Diarrhea
1432,1064,4,44.32,0.09,8.97,Cholera
163,1195,12,5.72,0.05,13.2,Diarrhea
348,2573,16,5.41,0.1,14.13,Cholera
452,1013,10,4.09,0.05,13.24,Diarrhea
19,1517,20,23.0,0.23,6.24,HepatitisA
323,1091,3,9.34,0.16,1.58,Diarrhea
1139,200,31,2.06,0.01,14.82,Dysentery
904,1617,65,5.84,0.07,11.09,Dysentery
137,2320,16,2.24,0.37,20.39,Typhoid
1609,638,71,2.27,0.02,0.75,Dysentery
142,4085,11,21.75,0.18,9.89,HepatitisA
27,430,13,36.07,0.03,17.75,HepatitisA
1299,1660,50,14.31,0.04,18.19,Dysentery
498,1752,8,11.56,0.26,11.35,Diarrhea
1086,6240,4,8.54,0.0,7.0,Cholera
1362,776,56,13.66,0.12,16.63,Dysentery
853,963,36,4.7,0.16,1.86,Dysentery
1466,1951,74,13.01,0.28,5.1,Dysentery
30,2566,23,82.86,0.16,19.32,HepatitisA
1513,532,76,2.13,0.2,9.92,Dysentery
261,974,20,14.4,0.13,5.57,Dysentery
1761,221,25,10.31,0.06,18.37,Dysentery
435,754,7,8.65,0.24,14.07,Diarrhea
194,1601,12,13.71,0.17,9.25,Diarrhea
74,339,7,18.8,0.0,12.12,Diarrhea
1576,1603,59,10.28,0.01,11.06,Dysentery
108,4845,21,4.98,0.68,17.76,Typhoid
1403,125,47,4.66,0.2,3.17,Dysentery
1107,1928,94,6.03,0.23,14.81,Dysentery
662,678,68,8.54,0.1,2.94,Dysentery
874,7409,8,33.71,0.12,15.73,Cholera
285,6985,12,23.65,0.01,13.51,Cholera
14,2926,48,3.4,0.4,26.64,Typhoid
332,119,13,9.84,0.08,9.39,Diarrhea
206,1669,97,11.44,0.28,4.96,Dysentery
22,4163,19,3.8,0.29,27.14,Typhoid
1394,7429,15,33.24,0.09,17.36,Cholera
40,3926,25,13.88,0.1,12.57,HepatitisA
297,2000,3,20.81,0.16,12.45,Cholera
170,1330,3,16.21,0.03,2.52,Diarrhea
1369,1275,43,12.0,0.25,15.0,Dysentery
72,4645,10,62.11,0.02,2.93,HepatitisA
223,1363,8,4.2,0.12,10.4,Diarrhea
76,1645,1,91.89,0.31,0.32,HepatitisA
125,1126,0,6.69,0.07,6.08,Diarrhea
483,536,13,18.61,0.47,9.78,Diarrhea
319,576,87,12.7,0.09,1.08,Dysentery
881,8745,3,47.68,0.03,17.03,Cholera
776,1136,58,3.98,0.04,2.61,Dysentery
119,255,27,13.31,0.04,8.03,Dysentery
31,4826,29,3.33,0.47,28.65,Typhoid
1592,1338,88,8.72,0.03,12.5,Dysentery
381,1969,12,18.62,0.4,4.79,Diarrhea
1405,1337,44,4.57,0.09,2.51,Dysentery
100,2694,11,3.28,0.33,27.42,Typhoid
31,4764,12,6.99,0.66,10.73,Typhoid
146,4710,19,9.15,0.42,17.4,Typhoid
88,3925,46,4.38,0.36,23.11,Typhoid
39,4470,16,8.47,0.57,21.48,Typhoid
173,4816,0,96.8,0.34,15.14,HepatitisA
192,2677,14,62.0,0.28,5.51,HepatitisA
364,1244,9,17.09,0.12,5.7,Diarrhea
209,680,7,16.27,0.26,9.95,Diarrhea
705,377,25,4.84,0.26,13.8,Dysentery
49,483,28,1.35,0.49,21.67,Typhoid
48,870,12,3.02,0.75,18.8,Typhoid
90,4101,13,27.74,0.36,14.84,HepatitisA
11,2868,25,14.02,0.21,15.66,HepatitisA
107,4406,24,26.18,0.21,9.25,HepatitisA
74,3842,18,3.34,0.42,20.94,Typhoid
178,596,56,14.0,0.11,14.01,Dysentery
1477,3367,5,49.74,0.1,4.16,Cholera
31,3998,3,62.51,0.06,14.75,HepatitisA
893,311,57,13.5,0.07,13.42,Dysentery
1691,7705,16,25.62,0.02,10.36,Cholera
1414,5323,13,23.33,0.19,11.79,Cholera
200,648,6,11.04,0.04,0.68,Diarrhea
1474,1012,34,8.16,0.16,8.52,Dysentery
64,1946,22,25.66,0.43,13.68,HepatitisA
53,2934,40,6.35,0.31,27.11,Typhoid
550,809,32,14.96,0.17,17.99,Dysentery
1029,1636,29,6.04,0.06,15.73,Dysentery
137,2671,26,39.19,0.25,13.41,HepatitisA
12,3939,39,7.78,0.65,22.16,Typhoid
36,915,19,69.37,0.34,14.03,HepatitisA
24,996,18,4.67,0.37,23.08,Typhoid
1701,5099,2,8.33,0.07,2.16,Cholera
41,2933,20,96.88,0.43,15.04,HepatitisA
189,1210,2,14.72,0.16,10.87,Diarrhea
251,577,14,5.23,0.4,10.95,Diarrhea
379,1291,61,10.8,0.1,15.01,Dysentery
743,2123,14,6.25,0.02,2.96,Cholera
404,717,7,19.73,0.32,1.99,Diarrhea
63,884,41,3.63,0.58,15.81,Typhoid
107,2474,28,28.73,0.38,5.67,HepatitisA
178,1033,9,19.68,0.32,13.14,Diarrhea
94,3113,26,5.49,0.67,15.58,Typhoid
1655,9962,7,11.84,0.08,11.39,Cholera
603,1848,54,7.8,0.05,8.02,Dysentery
148,1478,13,17.9,0.21,3.63,Diarrhea
138,4632,17,5.01,0.57,10.9,Typhoid
1043,1244,39,8.46,0.1,13.59,Dysentery
203,4871,9,24.76,0.04,8.37,Cholera
575,7024,3,6.11,0.15,11.41,Cholera
71,1422,25,40.46,0.37,2.12,HepatitisA
483,1905,14,15.7,0.46,4.58,Diarrhea
1357,9579,12,15.33,0.12,18.2,Cholera
6,4536,3,41.03,0.14,8.06,HepatitisA
1245,687,15,21.3,0.02,19.49,Cholera
212,530,6,14.0,0.01,4.29,Diarrhea
458,228,11,13.39,0.09,3.67,Diarrhea
197,1793,19,54.13,0.08,11.33,HepatitisA
417,803,1,17.33,0.01,12.68,Diarrhea
462,9671,6,35.63,0.1,19.97,Cholera
86,4192,37,1.17,0.69,26.94,Typhoid
228,189,5,19.37,0.08,1.57,Diarrhea
529,113,54,5.58,0.28,1.53,Dysentery
1621,788,42,5.84,0.27,10.83,Dysentery
217,1082,13,5.93,0.08,13.02,Diarrhea
150,2937,19,48.02,0.06,10.37,HepatitisA
45,1504,7,48.88,0.14,5.04,HepatitisA
141,551,10,15.74,0.2,2.66,Diarrhea
1978,6425,18,14.77,0.1,10.46,Cholera
305,851,3,3.26,0.33,5.01,Diarrhea
58,284,49,8.84,0.32,28.01,Typhoid
136,3412,25,43.26,0.11,9.83,HepatitisA
1602,9029,3,14.86,0.13,5.78,Cholera
344,1797,12,46.66,0.13,17.29,Cholera
1108,1847,71,9.66,0.24,19.16,Dysentery
128,3218,12,2.37,0.78,27.39,Typhoid
492,986,45,10.46,0.05,15.19,Dysentery
342,1185,53,7.04,0.1,17.83,Dysentery
1225,1361,70,8.39,0.19,17.36,Dysentery
1812,1003,98,6.18,0.08,18.78,Dysentery
127,647,3,43.04,0.28,16.64,HepatitisA
1243,5859,3,25.62,0.03,4.6,Cholera
914,1455,70,10.04,0.08,3.48,Dysentery
1523,1410,49,11.7,0.08,0.57,Dysentery
1461,9176,18,41.39,0.17,18.37,Cholera
132,1996,5,28.84,0.43,9.14,HepatitisA
494,479,89,11.68,0.07,18.32,Dysentery
250,1766,4,17.31,0.13,12.54,Diarrhea
1954,132,53,2.92,0.06,3.48,Dysentery
385,649,12,10.6,0.35,2.7,Diarrhea
336,538,2,4.66,0.0,13.24,Diarrhea
403,771,4,4.51,0.09,6.03,Diarrhea
411,121,1,8.71,0.18,10.6,Diarrhea
99,1774,3,53.3,0.48,13.51,HepatitisA
1368,1724,20,14.31,0.23,12.49,Dysentery
282,1076,7,7.27,0.4,14.07,Diarrhea
100,1396,2,8.14,0.04,14.82,Diarrhea
138,2056,32,7.01,0.26,11.08,Typhoid
122,561,6,53.67,0.14,15.62,HepatitisA
857,581,24,7.27,0.21,15.64,Dysentery
709,3400,7,5.39,0.13,15.03,Cholera
258,2033,4,32.65,0.04,8.4,Cholera
92,4011,32,6.7,0.56,23.07,Typhoid
390,205,9,17.49,0.15,7.17,Diarrhea
7,2156,24,68.49,0.15,8.45,HepatitisA
1927,7867,18,40.34,0.17,13.55,Cholera
24,1438,20,3.78,0.29,27.61,Typhoid
66,2634,23,77.97,0.21,1.74,HepatitisA
144,1313,25,8.64,0.28,28.55,Typhoid
51,2121,16,97.2,0.08,12.42,HepatitisA
49,2719,19,5.7,0.73,14.71,Typhoid
148,1353,21,77.92,0.09,17.47,HepatitisA
1127,9337,12,14.03,0.15,9.57,Cholera
1899,318,34,13.1,0.06,5.29,Dysentery
84,995,18,6.99,0.36,12.28,Typhoid
296,444,11,16.55,0.37,0.05,Diarrhea
104,299,12,13.34,0.48,13.24,Diarrhea
691,1175,7,5.44,0.13,1.2,Cholera
179,4805,22,67.88,0.08,10.02,HepatitisA
95,1682,11,4.49,0.35,13.68,Typhoid
1975,4934,0,10.53,0.1,18.97,Cholera
1110,1693,81,4.78,0.25,17.68,Dysentery
42,3027,26,47.76,0.25,11.69,HepatitisA
222,655,0,4.04,0.44,5.45,Diarrhea
3,372,3,11.19,0.22,7.94,HepatitisA
301,1251,3,13.23,0.02,0.55,Diarrhea
17,1699,18,98.6,0.2,10.3,HepatitisA
82,3341,42,6.91,0.64,24.51,Typhoid
837,257,42,13.25,0.06,6.34,Dysentery
85,506,29,2.28,0.67,16.07,Typhoid
254,1855,5,7.15,0.14,2.59,Diarrhea
1814,384,85,14.85,0.19,6.32,Dysentery
63,4139,12,52.59,0.21,0.9,HepatitisA
35,1805,29,99.8,0.1,7.17,HepatitisA
90,2808,7,95.89,0.2,9.45,HepatitisA
1985,427,21,6.96,0.16,13.86,Dysentery
265,1548,2,9.17,0.11,0.14,Diarrhea
608,1564,60,6.87,0.27,5.83,Dysentery
383,613,3,43.71,0.19,18.58,Cholera
298,1183,13,18.54,0.28,4.85,Diarrhea
1769,9814,13,10.14,0.1,10.43,Cholera
562,6208,14,33.77,0.13,7.56,Cholera
647,1174,82,14.17,0.13,16.29,Dysentery
422,1973,3,15.81,0.12,11.65,Diarrhea
1191,290,31,3.33,0.08,11.58,Dysentery
83,896,30,3.41,0.44,19.18,Typhoid
95,3699,29,18.77,0.39,2.15,HepatitisA
1495,204,37,10.52,0.19,2.71,Dysentery
136,4668,0,87.85,0.1,3.81,HepatitisA
290,1708,94,7.24,0.27,19.43,Dysentery
40,3495,12,7.28,0.75,22.76,Typhoid
70,2806,47,6.38,0.32,10.19,Typhoid
175,898,12,18.55,0.2,0.29,Diarrhea
130,3361,20,63.24,0.35,17.42,HepatitisA
1596,4815,19,20.0,0.13,0.57,Cholera
59,408,25,12.86,0.39,9.62,HepatitisA
378,285,1,14.32,0.09,12.38,Diarrhea
87,449,16,76.15,0.44,12.23,HepatitisA
74,4690,15,9.21,0.8,11.65,Typhoid
1648,5188,11,17.67,0.15,4.3,Cholera
89,436,25,6.14,0.78,22.39,Typhoid
1946,2790,17,17.57,0.1,1.76,Cholera
161,1758,3,35.56,0.1,0.4,HepatitisA
134,2417,12,6.38,0.49,15.5,Typhoid
29,2997,7,76.26,0.38,4.64,HepatitisA
1139,1817,10,18.38,0.19,19.11,Cholera
11,1026,45,2.72,0.58,19.8,Typhoid
91,523,14,10.32,0.44,5.81,Diarrhea
1192,1146,87,7.33,0.04,16.96,Dysentery
85,770,19,13.61,0.22,11.14,HepatitisA
831,3879,18,9.05,0.06,13.11,Cholera
86,2396,23,91.54,0.03,5.95,HepatitisA
1486,408,60,14.45,0.17,5.33,Dysentery
115,1011,4,6.79,0.36,3.22,Diarrhea
309,1546,0,8.58,0.4,4.26,Diarrhea
144,1324,0,9.85,0.31,11.19,Diarrhea
78,2939,38,1.73,0.25,19.61,Typhoid
492,3053,5,32.13,0.11,13.56,Cholera
53,567,17,9.13,0.46,13.24,Typhoid
868,7159,14,47.78,0.1,14.62,Cholera
762,1025,27,14.35,0.24,9.3,Dysentery
152,1688,3,94.03,0.28,7.4,HepatitisA
333,1674,9,5.47,0.29,13.69,Diarrhea
16,704,40,9.28,0.55,14.43,Typhoid
162,2886,1,84.26,0.06,18.44,HepatitisA
180,196,1,3.94,0.42,10.04,Diarrhea
37,2339,16,82.28,0.09,7.03,HepatitisA
141,2390,16,24.78,0.39,19.94,HepatitisA
174,1958,77,12.29,0.27,2.97,Dysentery
120,390,81,11.5,0.05,11.51,Dysentery
196,949,59,8.2,0.13,9.63,Dysentery
481,465,8,5.71,0.09,7.48,Diarrhea
931,6339,0,40.7,0.15,7.17,Cholera
499,285,13,19.5,0.43,13.45,Diarrhea
139,367,24,6.49,0.75,11.31,Typhoid
41,3379,12,13.33,0.09,18.71,HepatitisA
40,3974,16,1.17,0.57,25.61,Typhoid
815,6693,5,5.41,0.01,0.8,Cholera
132,1652,2,18.31,0.39,9.4,Diarrhea
216,1421,6,14.02,0.23,5.47,Diarrhea
1601,613,3,6.73,0.08,18.82,Cholera
1115,1866,9,38.42,0.03,14.34,Cholera
196,208,26,60.41,0.32,7.17,HepatitisA
1066,2823,12,27.52,0.04,16.55,Cholera
35,410,11,68.48,0.01,2.54,HepatitisA
1432,5586,11,43.94,0.03,17.98,Cholera
755,994,86,2.64,0.15,16.82,Dysentery
205,700,10,8.24,0.05,3.58,Diarrhea
1121,2721,3,41.14,0.08,8.16,Cholera
100,3833,23,3.32,0.57,19.14,Typhoid
153,1194,12,4.3,0.26,8.65,Diarrhea
183,4432,18,53.38,0.03,0.08,HepatitisA
150,315,29,81.17,0.2,9.29,HepatitisA
1722,1766,13,44.13,0.07,9.39,Cholera
1459,1962,90,11.22,0.07,17.44,Dysentery
145,2015,16,23.25,0.14,1.68,Cholera
142,580,4,10.52,0.24,2.59,Diarrhea
1654,1359,21,2.31,0.08,1.29,Dysentery
1526,2732,11,36.96,0.17,15.53,Cholera
208,1363,99,4.95,0.05,18.42,Dysentery
102,3158,24,95.85,0.18,1.75,HepatitisA
461,620,12,14.28,0.03,6.9,Diarrhea
134,3233,15,35.63,0.17,3.1,HepatitisA
1850,2882,6,24.9,0.15,11.27,Cholera
252,1926,12,15.84,0.31,5.15,Diarrhea
103,2184,40,9.78,0.77,11.46,Typhoid
509,1413,35,4.94,0.06,5.45,Dysentery
56,500,36,6.57,0.57,18.51,Typhoid
1153,8381,17,32.78,0.05,0.78,Cholera
470,620,11,5.36,0.08,10.59,Diarrhea
67,4518,21,6.77,0.36,26.07,Typhoid
281,1202,13,6.21,0.44,7.19,Diarrhea
96,1124,33,1.35,0.34,27.49,Typhoid
356,1624,7,12.45,0.31,13.94,Diarrhea
360,3723,19,47.72,0.1,9.65,Cholera
70,883,13,3.11,0.67,22.5,Typhoid
817,509,27,5.05,0.28,4.32,Dysentery
677,4310,19,9.64,0.16,0.8,Cholera
552,7838,17,33.29,0.16,15.43,Cholera
124,1036,9,5.31,0.11,12.0,Diarrhea
39,2176,42,1.92,0.2,14.68,Typhoid
211,446,9,8.56,0.06,1.49,Diarrhea
1323,3356,19,13.54,0.03,2.24,Cholera
1369,8592,4,12.79,0.16,1.27,Cholera
924,1902,76,3.19,0.15,13.08,Dysentery
598,1589,22,14.3,0.15,15.22,Dysentery
110,4577,10,9.91,0.29,26.62,Typhoid
345,777,66,7.53,0.12,12.78,Dysentery
321,753,1,18.39,0.47,0.48,Diarrhea
1692,1105,59,7.77,0.07,4.55,Dysentery
183,1295,7,40.9,0.08,14.25,HepatitisA
166,674,22,93.54,0.25,6.78,HepatitisA
798,8597,10,22.13,0.11,5.29,Cholera
1451,6474,6,23.91,0.09,6.49,Cholera
8,1779,6,59.46,0.41,10.6,HepatitisA
127,1439,41,3.2,0.21,25.56,Typhoid
848,7635,3,41.37,0.08,8.34,Cholera
1140,5151,9,10.17,0.12,5.77,Cholera
1379,1047,47,10.05,0.21,10.35,Dysentery
306,545,33,12.3,0.08,6.79,Dysentery
838,3308,1,16.49,0.07,8.19,Cholera
1155,8838,18,24.72,0.15,9.6,Cholera
116,319,9,73.04,0.08,10.28,HepatitisA
82,4065,1,73.12,0.28,6.43,HepatitisA
37,1951,38,5.83,0.48,27.87,Typhoid
1075,8971,7,42.67,0.02,16.05,Cholera
179,291,15,88.22,0.12,10.79,HepatitisA
143,1109,29,4.49,0.57,24.07,Typhoid
38,3735,47,3.58,0.75,18.14,Typhoid
1013,1036,52,13.78,0.07,12.49,Dysentery
193,205,5,10.13,0.44,13.48,Diarrhea
1977,462,94,14.36,0.07,4.94,Dysentery
138,4555,34,1.56,0.6,22.72,Typhoid
663,4729,8,24.26,0.02,2.32,Cholera
258,789,2,3.9,0.29,3.47,Diarrhea
265,660,0,5.2,0.29,11.85,Diarrhea
144,3920,15,4.74,0.37,29.79,Typhoid
147,3055,10,4.22,0.42,17.96,Typhoid
275,265,0,9.51,0.11,12.78,Diarrhea
127,4152,28,7.27,0.64,16.94,Typhoid
1158,607,15,49.23,0.11,9.2,Cholera
202,1558,94,7.11,0.27,12.93,Dysentery
800,5956,11,25.22,0.02,10.27,Cholera
45,3721,33,6.15,0.28,23.73,Typhoid
1365,1374,50,5.94,0.24,12.41,Dysentery
609,1913,53,4.63,0.28,8.34,Dysentery
109,679,1,9.71,0.17,7.8,Diarrhea
146,8904,3,9.8,0.15,4.99,Cholera
322,459,8,4.63,0.04,14.06,Diarrhea
66,647,1,9.91,0.16,14.61,Diarrhea
464,912,9,8.99,0.4,10.09,Diarrhea
355,927,6,14.13,0.19,0.79,Diarrhea
1585,7601,1,43.07,0.15,1.41,Cholera
360,1185,5,7.87,0.42,4.8,Diarrhea
219,995,12,4.48,0.26,7.54,Diarrhea
160,816,14,12.09,0.41,2.35,Diarrhea
1629,7075,8,29.9,0.05,4.02,Cholera
126,2248,31,1.81,0.24,22.52,Typhoid
75,2934,47,6.37,0.22,12.04,Typhoid
1202,1541,81,11.99,0.2,0.95,Dysentery
324,572,8,18.52,0.08,1.42,Diarrhea
1543,2907,8,43.43,0.18,7.24,Cholera
180,3470,17,77.64,0.44,11.01,HepatitisA
189,1363,95,6.66,0.24,10.41,Dysentery
88,494,45,4.03,0.5,28.7,Typhoid
19,3701,25,76.85,0.01,10.37,HepatitisA
1271,312,56,7.7,0.22,16.98,Dysentery
1020,2970,5,46.87,0.08,1.97,Cholera
138,4278,26,49.98,0.05,6.76,HepatitisA
912,2527,12,18.92,0.01,19.83,Cholera
127,515,49,7.45,0.24,10.46,Typhoid
277,235,14,13.36,0.31,8.2,Diarrhea
107,3621,42,5.33,0.66,24.18,Typhoid
284,1376,8,10.46,0.32,11.56,Diarrhea
88,3788,14,6.88,0.5,11.88,Typhoid
1501,507,67,9.92,0.13,11.68,Dysentery
78,308,9,78.43,0.15,15.76,HepatitisA
1811,1697,92,2.21,0.24,4.28,Dysentery
43,2258,26,87.62,0.48,16.35,HepatitisA
374,169,4,5.31,0.13,2.42,Diarrhea
89,2897,37,4.86,0.68,27.93,Typhoid
110,2182,45,7.23,0.41,24.86,Typhoid
146,2416,13,9.41,0.6,13.94,Typhoid
1636,1714,15,45.99,0.11,4.34,Cholera
97,610,16,1.65,0.5,23.5,Typhoid
299,1057,8,10.42,0.25,11.81,Diarrhea
652,607,79,7.82,0.23,13.98,Dysentery
1757,672,79,11.31,0.14,15.41,Dysentery
177,1124,31,4.22,0.13,7.32,Dysentery
61,3616,15,24.75,0.13,12.38,HepatitisA
45,3586,20,8.19,0.33,25.78,Typhoid
27,3378,36,1.22,0.67,16.8,Typhoid
101,4411,15,8.76,0.8,13.38,Typhoid
199,924,7,3.16,0.07,11.27,Diarrhea
917,9086,9,16.59,0.05,8.7,Cholera
1677,938,94,13.43,0.04,1.8,Dysentery
342,981,6,5.42,0.14,6.65,Diarrhea
117,271,7,7.94,0.05,2.41,Diarrhea
424,6764,13,42.22,0.15,6.17,Cholera
1149,9072,13,28.37,0.15,5.52,Cholera
88,3511,9,58.49,0.1,17.99,HepatitisA
462,1286,12,17.72,0.11,14.81,Diarrhea
1979,6904,16,30.43,0.09,10.55,Cholera
724,7867,4,41.75,0.16,4.39,Cholera
87,579,24,2.26,0.69,25.56,Typhoid
1629,9542,7,8.55,0.09,16.4,Cholera
120,1127,12,5.81,0.46,9.45,Diarrhea
112,1112,45,6.59,0.72,20.95,Typhoid
58,1360,19,52.78,0.03,12.75,HepatitisA
591,1656,60,5.11,0.0,11.0,Dysentery
35,2748,17,32.9,0.07,19.86,HepatitisA
106,3653,44,5.21,0.62,20.44,Typhoid
178,4553,3,62.62,0.1,10.3,HepatitisA
32,2053,19,1.87,0.55,15.77,Typhoid
113,3138,48,5.27,0.42,17.88,Typhoid
488,1128,6,3.58,0.23,7.85,Diarrhea
1651,973,88,10.02,0.04,15.49,Dysentery
324,1659,8,12.74,0.11,12.55,Diarrhea
5,1203,13,65.94,0.18,19.98,HepatitisA
897,162,57,12.0,0.12,10.33,Dysentery
21,2293,36,3.62,0.65,22.83,Typhoid
86,3975,17,6.12,0.31,20.05,Typhoid
97,2066,22,34.37,0.08,10.91,HepatitisA
24,3238,8,20.3,0.02,12.8,HepatitisA
654,1764,79,9.23,0.01,5.91,Dysentery
444,995,1,19.24,0.25,5.44,Diarrhea
679,836,6,29.54,0.03,14.02,Cholera
1234,865,65,9.94,0.08,2.24,Dysentery
36,1329,20,6.85,0.46,12.13,Typhoid
74,3314,15,5.03,0.54,25.51,Typhoid
109,3923,13,5.22,0.28,21.35,Typhoid
146,1283,11,13.34,0.25,6.54,Diarrhea
109,2393,16,80.7,0.35,6.35,HepatitisA
1867,6092,10,28.36,0.04,1.28,Cholera
404,1397,10,8.24,0.42,12.67,Diarrhea
495,467,13,7.87,0.27,1.71,Diarrhea
120,3638,26,3.66,0.23,23.5,Typhoid
841,7318,5,30.14,0.16,18.19,Cholera
1097,4819,17,5.09,0.04,8.83,Cholera
1657,9951,5,36.39,0.06,1.54,Cholera
23,4089,49,3.81,0.26,16.45,Typhoid
360,1271,7,5.52,0.41,2.21,Diarrhea
1510,5839,16,22.29,0.16,13.57,Cholera
1238,567,98,7.84,0.29,10.66,Dysentery
112,3138,25,95.13,0.05,14.36,HepatitisA
1896,5237,17,7.21,0.15,19.33,Cholera
63,2867,27,82.77,0.24,13.72,HepatitisA
272,670,7,14.08,0.1,7.87,Diarrhea
1839,1106,94,6.34,0.03,13.89,Dysentery
280,1962,12,16.1,0.26,0.26,Diarrhea
43,1329,6,42.08,0.38,8.94,HepatitisA
43,1472,7,12.18,0.04,19.45,HepatitisA
80,951,21,16.94,0.38,12.46,HepatitisA
43,4552,38,8.3,0.48,26.1,Typhoid
1699,9035,12,30.03,0.17,2.14,Cholera
391,1016,13,12.07,0.08,13.22,Diarrhea
701,249,32,4.72,0.1,2.79,Dysentery
98,4549,36,3.45,0.37,29.57,Typhoid
192,3763,19,45.61,0.23,6.89,HepatitisA
214,1486,21,9.19,0.24,6.85,Dysentery
137,632,31,8.23,0.64,26.19,Typhoid
111,2761,15,87.34,0.22,16.84,HepatitisA
11,3755,38,5.24,0.34,28.03,Typhoid
117,2005,37,7.4,0.24,24.07,Typhoid
74,2414,6,13.24,0.35,2.93,HepatitisA
349,735,39,12.05,0.07,6.01,Dysentery
176,1902,8,24.16,0.49,19.79,HepatitisA
68,1824,17,50.11,0.15,0.53,HepatitisA
1673,4079,19,10.8,0.04,18.15,Cholera
139,2888,26,3.38,0.55,25.95,Typhoid
797,462,74,5.46,0.14,13.18,Dysentery
163,3151,14,55.13,0.01,8.81,HepatitisA
1842,1873,33,12.76,0.22,5.89,Dysentery
1929,503,65,6.32,0.06,16.19,Dysentery
1996,742,0,11.26,0.09,4.97,Cholera
919,1458,81,13.31,0.03,0.77,Dysentery
7,1319,16,23.64,0.15,6.34,HepatitisA
143,2097,29,2.2,0.29,15.16,Typhoid
13,2106,35,3.54,0.62,29.35,Typhoid
79,704,11,25.07,0.12,12.76,HepatitisA
146,741,49,6.7,0.38,12.03,Typhoid
722,552,67,7.74,0.21,1.49,Dysentery
301,1904,10,6.8,0.05,10.18,Diarrhea
300,363,10,6.26,0.37,7.88,Diarrhea
617,1358,95,5.68,0.13,9.53,Dysentery
188,1104,21,56.62,0.03,4.29,HepatitisA
387,7697,4,10.18,0.09,16.69,Cholera
1812,394,64,11.7,0.0,18.25,Dysentery
131,403,31,6.26,0.33,19.28,Typhoid
36,3056,48,1.59,0.64,15.72,Typhoid
1999,1963,43,9.88,0.27,0.64,Dysentery
159,3412,13,85.53,0.24,11.11,HepatitisA
1035,3275,5,49.42,0.05,12.35,Cholera
610,6494,4,38.04,0.09,2.15,Cholera
1515,564,13,46.35,0.1,7.84,Cholera
1719,1541,44,6.65,0.24,13.11,Dysentery
152,368,26,71.59,0.08,14.07,HepatitisA
106,2066,10,39.33,0.48,12.45,HepatitisA
100,1700,17,7.94,0.59,19.5,Typhoid
494,735,2,5.35,0.21,14.94,Diarrhea
1482,685,83,7.08,0.1,12.94,Dysentery
99,3793,26,8.25,0.41,24.67,Typhoid
1175,567,91,9.26,0.15,12.32,Dysentery
138,369,35,6.91,0.78,16.09,Typhoid
470,777,7,3.38,0.44,9.83,Diarrhea
1407,8787,1,36.61,0.11,10.9,Cholera
319,370,4,19.89,0.09,9.16,Diarrhea
723,4153,19,20.51,0.13,3.7,Cholera
29,4258,9,84.06,0.01,9.36,HepatitisA
956,852,90,8.65,0.2,11.71,Dysentery
40,4144,48,3.89,0.45,14.11,Typhoid
139,2512,11,6.13,0.68,28.53,Typhoid
43,1288,16,30.12,0.18,18.81,HepatitisA
186,923,10,6.68,0.33,9.07,Diarrhea
104,771,40,9.43,0.5,28.46,Typhoid
78,462,14,74.16,0.13,15.85,HepatitisA
12,1709,4,49.56,0.03,6.19,HepatitisA
131,3701,9,52.1,0.17,13.98,HepatitisA
39,399,18,44.82,0.02,19.15,HepatitisA
35,533,34,8.72,0.26,15.09,Typhoid
1187,1527,42,5.14,0.23,6.62,Dysentery
112,2964,10,9.34,0.37,10.73,Typhoid
348,1955,7,7.08,0.4,12.92,Diarrhea
73,3224,25,5.34,0.36,22.51,Typhoid
145,491,61,14.61,0.18,5.3,Dysentery
148,3977,36,5.09,0.5,18.93,Typhoid
232,488,78,6.24,0.12,11.38,Dysentery
1461,5513,19,38.38,0.1,19.78,Cholera
673,3857,3,38.44,0.18,2.46,Cholera
984,1284,35,7.77,0.19,17.83,Dysentery
1053,680,68,13.22,0.26,5.21,Dysentery
3,4196,6,70.62,0.38,0.57,HepatitisA
67,2519,21,53.23,0.19,11.46,HepatitisA
1650,856,32,11.51,0.21,12.26,Dysentery
351,1590,53,13.44,0.26,19.47,Dysentery
436,1661,0,18.11,0.13,6.54,Diarrhea
1505,807,68,8.38,0.14,18.77,Dysentery
78,4544,11,68.83,0.19,18.38,HepatitisA
1524,2973,18,47.29,0.08,0.54,Cholera
1813,9128,3,14.95,0.03,15.86,Cholera
47,549,41,4.89,0.78,24.03,Typhoid
134,2271,19,3.41,0.78,20.98,Typhoid
74,938,20,2.1,0.37,24.5,Typhoid
44,861,36,7.99,0.5,19.22,Typhoid
63,1529,13,5.65,0.26,24.53,Typhoid
1312,8340,3,34.65,0.14,17.14,Cholera
133,743,4,4.6,0.09,14.56,Diarrhea
332,693,1,14.96,0.22,11.37,Diarrhea
514,906,98,12.36,0.05,4.91,Dysentery
430,1774,2,11.76,0.17,10.2,Diarrhea
61,3464,17,63.85,0.09,8.09,HepatitisA
747,391,54,5.7,0.22,1.65,Dysentery
87,1177,22,6.77,0.5,26.14,Typhoid
1483,1255,28,10.37,0.07,1.19,Dysentery
1575,4394,10,23.09,0.12,4.18,Cholera
186,1701,5,16.36,0.4,5.79,Diarrhea
134,4494,19,1.95,0.52,15.68,Typhoid
1362,5417,9,45.44,0.03,15.56,Cholera
192,415,11,94.76,0.41,19.85,HepatitisA
129,2853,41,1.08,0.69,20.51,Typhoid
165,1042,13,60.82,0.45,16.19,HepatitisA
211,827,4,17.07,0.41,0.49,Diarrhea
32,2969,30,8.94,0.49,21.5,Typhoid
1360,4369,8,11.88,0.1,1.01,Cholera
50,1202,28,5.08,0.49,27.45,Typhoid
188,3328,27,96.19,0.4,8.17,HepatitisA
31,2969,48,6.81,0.23,17.07,Typhoid
34,2352,16,7.67,0.59,19.26,Typhoid
100,1273,10,27.46,0.06,19.24,HepatitisA
131,656,0,18.81,0.48,7.29,Diarrhea
48,2661,8,99.14,0.1,0.88,HepatitisA
139,977,32,3.25,0.75,21.6,Typhoid
208,1681,5,17.86,0.16,1.7,Diarrhea
82,732,18,9.33,0.26,10.22,Typhoid
232,1152,3,6.39,0.12,0.84,Cholera
1451,518,20,7.04,0.27,11.35,Dysentery
827,956,63,8.49,0.03,3.54,Dysentery
807,1157,13,25.02,0.12,11.24,Cholera
1657,1425,74,14.93,0.02,14.9,Dysentery
10,3845,46,1.21,0.7,12.25,Typhoid
1781,1667,49,10.8,0.08,19.83,Dysentery
81,310,8,50.65,0.32,6.49,HepatitisA
66,2889,29,76.07,0.32,8.17,HepatitisA
1066,246,90,8.82,0.08,9.73,Dysentery
1926,452,26,10.33,0.23,5.93,Dysentery
400,1973,3,15.8,0.18,1.84,Diarrhea
129,4299,16,63.39,0.16,6.74,HepatitisA
127,412,8,3.38,0.09,8.87,Diarrhea
949,1417,26,7.44,0.21,19.07,Dysentery
72,554,45,9.27,0.65,13.23,Typhoid
19,1331,32,9.01,0.77,16.49,Typhoid
358,189,83,10.71,0.21,13.27,Dysentery
160,2449,26,81.26,0.37,1.43,HepatitisA
11,2362,45,1.1,0.36,17.58,Typhoid
455,1254,1,10.45,0.28,1.61,Diarrhea
126,1501,0,32.68,0.18,11.84,HepatitisA
85,1917,13,9.66,0.74,21.77,Typhoid
364,1307,80,6.31,0.07,11.1,Dysentery
5,4091,17,51.49,0.42,12.14,HepatitisA
127,2339,18,1.51,0.62,22.6,Typhoid
72,4911,19,4.7,0.49,10.83,Typhoid
79,1097,38,9.39,0.37,21.23,Typhoid
1730,1963,90,11.7,0.01,0.47,Dysentery
122,4323,32,2.64,0.23,12.09,Typhoid
1786,5809,12,15.17,0.02,2.12,Cholera
1234,4953,12,17.76,0.12,5.71,Cholera
138,530,46,2.08,0.4,21.0,Typhoid
51,651,11,7.61,0.46,26.79,Typhoid
51,2745,0,38.0,0.35,3.64,HepatitisA
1722,1242,54,9.6,0.03,15.79,Dysentery
507,1709,62,3.15,0.02,14.95,Dysentery
75,256,33,6.73,0.48,18.38,Typhoid
93,369,22,1.64,0.55,18.6,Typhoid
121,1834,11,56.73,0.17,3.97,HepatitisA
243,1617,5,9.71,0.11,4.49,Diarrhea
84,3279,14,30.83,0.06,16.12,HepatitisA
4,4584,17,73.26,0.29,19.56,HepatitisA
283,8840,14,7.75,0.13,6.21,Cholera
1055,1386,29,2.38,0.11,8.65,Dysentery
80,1300,1,17.16,0.32,0.63,Diarrhea
552,5682,18,31.51,0.19,17.83,Cholera
31,2389,34,9.17,0.28,15.98,Typhoid
673,7995,0,20.64,0.16,6.67,Cholera
109,1056,32,1.06,0.37,21.39,Typhoid
1942,580,82,7.39,0.15,17.25,Dysentery
855,720,4,27.3,0.12,19.84,Cholera
24,2476,41,8.66,0.43,28.08,Typhoid
1761,8046,13,6.68,0.01,11.54,Cholera
1660,1919,80,4.61,0.02,2.6,Dysentery
157,319,0,16.94,0.2,8.2,HepatitisA
532,872,51,8.45,0.22,14.71,Dysentery
1440,4356,11,25.52,0.12,17.41,Cholera
68,497,24,20.53,0.33,17.04,HepatitisA
1827,9734,18,16.01,0.07,17.09,Cholera
191,6613,0,36.76,0.1,13.93,Cholera
1499,5469,8,36.69,0.15,18.45,Cholera
297,3669,3,29.53,0.07,8.57,Cholera
286,1512,8,3.87,0.18,4.35,Diarrhea
449,3109,17,21.1,0.01,19.12,Cholera
149,2814,11,80.99,0.38,11.8,HepatitisA
378,1627,35,9.27,0.08,19.27,Dysentery
1950,1299,8,19.35,0.16,16.2,Cholera
412,1828,4,13.86,0.04,14.87,Diarrhea
54,2408,21,68.17,0.31,9.88,HepatitisA
429,8731,18,27.94,0.03,3.68,Cholera
40,4033,13,44.18,0.09,2.76,HepatitisA
863,956,85,2.23,0.13,1.82,Dysentery
1608,307,37,14.05,0.24,16.63,Dysentery
310,1050,39,13.56,0.28,15.09,Dysentery
19,2626,41,6.47,0.59,24.57,Typhoid
340,184,3,18.75,0.05,2.32,Diarrhea
105,1407,17,71.99,0.02,10.09,HepatitisA
63,733,21,82.54,0.41,0.72,HepatitisA
182,4583,22,66.05,0.23,0.14,HepatitisA
1087,694,89,10.48,0.18,12.19,Dysentery
595,1500,81,5.49,0.05,14.44,Dysentery
727,7488,8,49.18,0.13,1.88,Cholera
376,1955,14,6.08,0.43,10.3,Diarrhea
171,1021,5,19.34,0.38,10.44,Diarrhea
910,5064,4,32.44,0.01,0.89,Cholera
111,3523,14,40.18,0.05,13.39,HepatitisA
1003,1460,63,3.98,0.02,4.12,Dysentery
429,119,12,9.88,0.4,14.43,Diarrhea
1174,1504,95,8.96,0.23,10.34,Dysentery
1233,940,60,9.4,0.15,9.32,Dysentery
218,1394,2,17.38,0.19,0.38,Diarrhea
194,1647,6,16.46,0.08,9.9,Diarrhea
1661,1748,65,6.9,0.21,18.81,Dysentery
900,508,68,11.79,0.24,9.23,Dysentery
239,536,87,6.98,0.26,14.96,Dysentery
1300,1656,72,11.58,0.12,3.67,Dysentery
217,1223,8,13.08,0.03,14.77,Diarrhea
1447,1734,61,4.66,0.11,3.32,Dysentery
198,4712,2,86.38,0.31,4.5,HepatitisA
672,623,30,6.99,0.28,13.71,Dysentery
82,2357,34,7.15,0.78,23.86,Typhoid
151,1739,8,17.4,0.17,12.07,Diarrhea
40,3469,35,1.45,0.31,19.13,Typhoid
1058,652,37,8.06,0.05,6.88,Dysentery
71,4780,8,26.13,0.15,12.18,HepatitisA
140,4089,18,88.29,0.31,1.79,HepatitisA
159,1441,14,4.82,0.49,11.04,Diarrhea
837,7127,4,17.34,0.11,19.97,Cholera
225,389,32,11.91,0.22,13.75,Dysentery
1179,6279,7,16.22,0.03,0.04,Cholera
1676,2371,1,45.71,0.04,6.24,Cholera
6,2482,3,70.97,0.23,4.71,HepatitisA
162,568,10,60.37,0.19,11.85,HepatitisA
345,1020,9,36.84,0.18,19.29,Cholera
87,504,15,5.02,0.38,15.57,Typhoid
34,3786,29,59.29,0.27,16.63,HepatitisA
258,790,2,5.22,0.14,5.88,Diarrhea
79,1547,40,1.66,0.76,29.47,Typhoid
504,521,68,3.69,0.11,10.14,Dysentery
39,2299,49,7.44,0.2,22.52,Typhoid
1551,517,86,3.07,0.16,5.78,Dysentery
423,1660,63,6.21,0.14,6.66,Dysentery
33,3254,24,45.97,0.35,18.43,HepatitisA
96,3630,41,6.53,0.56,15.88,Typhoid
827,6749,4,23.9,0.18,15.13,Cholera
85,619,10,23.93,0.25,6.74,HepatitisA
150,226,50,5.73,0.14,9.39,Dysentery
944,1047,76,7.35,0.21,11.99,Dysentery
79,1754,17,7.02,0.74,26.48,Typhoid
144,1704,37,9.31,0.23,27.75,Typhoid
771,6888,18,26.73,0.05,9.07,Cholera
1324,5769,1,24.95,0.18,6.52,Cholera
150,1063,12,3.11,0.0,6.01,Diarrhea
272,680,14,13.56,0.05,12.63,Diarrhea
1277,6873,8,40.55,0.08,15.62,Cholera
81,2274,27,12.78,0.15,5.88,HepatitisA
972,593,69,8.55,0.22,8.65,Dysentery
325,1330,87,8.8,0.02,0.04,Dysentery
180,732,14,18.35,0.3,10.59,Diarrhea
46,2179,16,6.12,0.23,26.56,Typhoid
189,1557,23,54.06,0.17,5.41,HepatitisA
410,753,2,13.49,0.16,10.12,Diarrhea
77,1429,12,9.33,0.28,16.3,Typhoid
17,2906,6,32.92,0.19,18.73,HepatitisA
0,3896,17,28.3,0.18,9.79,HepatitisA
299,1803,14,7.95,0.24,6.05,Diarrhea
300,201,4,14.52,0.43,4.31,Diarrhea
1867,531,38,11.13,0.26,15.74,Dysentery
185,2826,21,62.61,0.04,14.58,HepatitisA
1995,8062,13,25.31,0.05,3.27,Cholera
150,4989,28,11.38,0.47,7.33,HepatitisA
45,3131,35,4.63,0.47,27.1,Typhoid
109,2117,22,9.1,0.6,28.64,Typhoid
1784,5395,7,40.99,0.18,7.85,Cholera
34,1838,9,20.72,0.47,19.73,HepatitisA
1569,511,85,12.19,0.14,5.25,Dysentery
1993,1245,73,8.2,0.16,7.41,Dysentery
1044,1287,14,21.76,0.17,3.37,Cholera
1565,6400,12,12.63,0.09,0.29,Cholera
224,1036,13,46.41,0.0,7.89,Cholera
81,3384,37,3.64,0.27,22.8,Typhoid
418,701,3,17.8,0.4,5.54,Diarrhea
275,873,4,3.7,0.28,8.3,Diarrhea
152,611,4,13.93,0.34,8.0,Diarrhea
35,385,23,1.43,0.78,19.74,Typhoid
1638,2813,12,12.96,0.02,4.81,Cholera
1537,948,3,32.75,0.09,13.76,Cholera
862,1317,61,3.98,0.2,11.94,Dysentery
26,3684,48,2.14,0.58,13.63,Typhoid
268,668,12,19.48,0.26,14.97,Diarrhea
36,3295,24,7.61,0.39,26.13,Typhoid
84,4079,26,2.6,0.73,13.28,Typhoid
232,1500,3,13.15,0.4,14.85,Diarrhea
96,2350,12,60.6,0.37,13.69,HepatitisA
975,1378,92,5.05,0.23,8.92,Dysentery
1973,1626,75,3.88,0.06,6.82,Dysentery
1921,945,84,2.91,0.18,6.31,Dysentery
1381,1343,25,2.15,0.14,18.22,Dysentery
43,3741,2,54.05,0.18,7.54,HepatitisA
494,1649,14,13.02,0.25,6.67,Diarrhea
209,1173,13,9.7,0.35,1.55,Diarrhea
162,1357,21,70.72,0.24,17.36,HepatitisA
96,389,10,18.56,0.3,7.25,Diarrhea
31,3343,41,5.32,0.76,23.06,Typhoid
1000,6018,18,33.55,0.06,14.05,Cholera
1178,9886,8,43.15,0.12,12.42,Cholera
1258,4996,19,29.38,0.05,18.23,Cholera
220,333,7,5.97,0.45,1.02,Diarrhea
140,1302,14,18.68,0.26,2.69,Diarrhea
134,3221,38,7.15,0.42,18.92,Typhoid
943,4732,6,8.27,0.15,9.33,Cholera
283,4110,11,18.97,0.08,9.74,Cholera
442,1918,13,13.99,0.19,11.99,Diarrhea
1901,974,46,3.78,0.22,19.58,Dysentery
1681,2715,19,15.66,0.14,7.49,Cholera
1856,1165,30,12.4,0.28,17.96,Dysentery
138,3653,17,8.91,0.73,16.95,Typhoid
276,1535,1,8.43,0.04,17.96,Cholera
1649,5556,18,28.75,0.05,9.29,Cholera
350,671,85,5.35,0.24,0.22,Dysentery
2,220,8,41.62,0.13,16.58,HepatitisA
1782,382,45,4.69,0.21,6.62,Dysentery
121,1751,19,3.37,0.67,23.22,Typhoid
1551,1404,87,10.48,0.04,11.01,Dysentery
193,1738,25,48.46,0.48,2.01,HepatitisA
65,3418,18,6.67,0.46,23.93,Typhoid
123,604,14,13.86,0.22,1.92,Diarrhea
918,1778,23,10.05,0.23,15.32,Dysentery
107,2410,12,36.24,0.46,17.27,HepatitisA
475,916,3,11.9,0.49,0.15,Diarrhea
1468,6593,17,42.35,0.19,3.52,Cholera
194,1985,7,7.74,0.09,14.32,Diarrhea
1345,107,36,3.21,0.09,4.94,Dysentery
74,4862,47,9.23,0.23,16.46,Typhoid
1483,1146,66,7.35,0.24,10.25,Dysentery
199,389,5,15.81,0.46,6.0,Diarrhea
1808,2020,19,20.75,0.13,19.43,Cholera
181,4006,17,96.38,0.25,14.39,HepatitisA
148,1135,27,34.94,0.01,4.39,HepatitisA
1300,8877,14,48.0,0.1,17.43,Cholera
1231,1494,17,21.39,0.05,5.89,Cholera
1058,2742,18,9.77,0.1,10.21,Cholera
465,1301,18,33.0,0.03,16.11,Cholera
805,9663,16,17.83,0.1,7.35,Cholera
517,4968,4,35.28,0.12,5.53,Cholera
354,6341,2,10.88,0.15,5.35,Cholera
172,1796,35,6.95,0.0,1.74,Dysentery
35,1252,14,8.01,0.72,19.24,Typhoid
73,2990,32,5.02,0.37,20.52,Typhoid
40,345,22,33.27,0.31,10.47,HepatitisA
146,356,14,16.04,0.22,2.3,Diarrhea
576,951,73,11.69,0.07,14.91,Dysentery
1643,1915,94,11.3,0.01,11.57,Dysentery
110,3481,23,76.75,0.16,17.6,HepatitisA
320,1052,22,12.19,0.02,19.87,Dysentery
89,984,40,4.79,0.53,11.87,Typhoid
34,2760,27,3.74,0.23,16.27,Typhoid
202,2634,16,15.66,0.03,14.01,Cholera
1430,2116,6,33.45,0.11,0.69,Cholera
1398,2432,10,42.08,0.17,1.06,Cholera
92,3895,15,6.55,0.69,19.79,Typhoid
13,2458,26,74.56,0.45,10.85,HepatitisA
319,230,0,9.12,0.22,7.53,Diarrhea
43,2785,23,4.3,0.47,17.84,Typhoid
40,4717,18,61.58,0.22,10.31,HepatitisA
1484,2031,3,37.45,0.02,8.87,Cholera
989,1262,38,3.64,0.09,18.85,Dysentery
135,1112,5,15.77,0.32,9.76,Diarrhea
70,3518,10,62.15,0.46,13.38,HepatitisA
365,8575,2,24.6,0.09,9.96,Cholera
146,3756,10,7.19,0.3,11.55,Typhoid
124,322,6,10.41,0.34,3.76,Diarrhea
965,1551,70,7.44,0.05,15.88,Dysentery
1640,889,1,6.12,0.08,0.38,Cholera
163,3056,9,58.15,0.22,15.4,HepatitisA
362,1898,25,8.36,0.03,7.24,Dysentery
467,1452,12,5.78,0.07,10.94,Diarrhea
68,516,17,1.85,0.6,27.56,Typhoid
1685,8427,2,49.36,0.09,17.99,Cholera
93,2935,7,19.53,0.02,16.59,HepatitisA
51,4276,6,62.16,0.23,12.13,HepatitisA
1851,7803,15,10.03,0.15,4.09,Cholera
365,283,11,6.58,0.36,6.08,Diarrhea
196,1732,16,66.09,0.1,2.2,HepatitisA
432,1863,5,11.54,0.09,12.98,Diarrhea
464,329,7,7.52,0.37,6.37,Diarrhea
1327,962,73,9.36,0.19,19.54,Dysentery
4,2116,8,26.57,0.35,13.5,HepatitisA
1952,707,46,9.8,0.25,10.75,Dysentery
508,899,74,6.38,0.14,9.4,Dysentery
188,485,7,27.21,0.07,7.74,HepatitisA
107,3014,29,7.83,0.5,24.36,Typhoid
200,1249,5,19.87,0.47,1.98,Diarrhea
199,701,12,19.61,0.17,2.69,Diarrhea
99,4230,21,7.09,0.26,17.03,Typhoid
1932,1321,23,13.03,0.04,17.41,Dysentery
668,9930,16,35.79,0.03,19.87,Cholera
115,848,29,68.32,0.13,14.49,HepatitisA
54,2653,33,5.21,0.68,19.75,Typhoid
453,351,2,5.64,0.15,3.55,Diarrhea
130,1363,9,3.03,0.26,3.21,Diarrhea
89,2040,49,2.35,0.64,26.72,Typhoid
1536,1547,46,2.7,0.24,1.6,Dysentery
1970,734,25,2.05,0.27,11.11,Dysentery
71,668,15,16.03,0.18,11.98,HepatitisA
10,4998,16,14.62,0.37,17.22,HepatitisA
1506,1876,40,12.8,0.1,16.72,Dysentery
1423,4080,8,17.99,0.19,16.65,Cholera
414,561,14,14.45,0.0,14.83,Diarrhea
192,8766,0,39.59,0.18,6.7,Cholera
1937,3292,16,39.54,0.07,0.05,Cholera
174,1061,6,10.11,0.28,13.03,Diarrhea
1436,437,60,4.81,0.03,13.11,Dysentery
531,3724,2,44.78,0.19,0.59,Cholera
1568,1284,21,7.79,0.24,13.86,Dysentery
159,1527,10,88.66,0.44,1.2,HepatitisA
59,4534,12,4.05,0.34,17.88,Typhoid
164,1457,29,4.06,0.02,14.43,Dysentery
73,1648,1,12.44,0.36,13.43,Diarrhea
548,167,22,5.98,0.25,7.82,Dysentery
1219,8202,0,10.41,0.15,0.23,Cholera
161,3745,5,86.93,0.32,10.81,HepatitisA
71,659,7,50.79,0.1,12.27,HepatitisA
27,1721,38,1.37,0.72,12.96,Typhoid
1081,9177,13,22.42,0.04,16.28,Cholera
376,494,0,16.28,0.3,6.61,Diarrhea
186,3039,10,71.08,0.22,11.65,HepatitisA
1219,1785,38,9.08,0.19,9.54,Dysentery
615,837,32,12.26,0.15,16.11,Dysentery
187,3821,2,26.47,0.12,16.22,HepatitisA
1668,1822,69,9.87,0.26,4.79,Dysentery
622,2428,18,23.56,0.18,14.51,Cholera
100,399,21,69.47,0.19,15.3,HepatitisA
1864,935,3,23.74,0.19,15.25,Cholera
25,3475,3,71.31,0.04,12.38,HepatitisA
88,1455,6,57.97,0.13,0.09,HepatitisA
219,420,7,3.82,0.09,7.1,Diarrhea
1728,1852,52,6.08,0.28,15.91,Dysentery
10,3951,36,4.34,0.65,22.65,Typhoid
142,3782,6,52.65,0.12,11.25,HepatitisA
1363,1959,90,14.59,0.03,17.14,Dysentery
1111,4477,10,34.07,0.17,9.55,Cholera
38,1750,24,4.2,0.39,26.75,Typhoid
898,1133,25,13.83,0.15,18.78,Dysentery
597,9154,3,19.47,0.09,17.57,Cholera
29,4831,31,6.54,0.6,19.31,Typhoid
328,1170,10,17.15,0.21,12.44,Diarrhea
1474,6310,0,29.63,0.13,16.69,Cholera
129,2944,45,8.47,0.65,14.83,Typhoid
1455,580,39,13.36,0.18,9.63,Dysentery
98,1832,2,7.97,0.29,3.85,Diarrhea
111,1058,42,4.55,0.56,24.22,Typhoid
1260,1997,79,13.32,0.04,1.82,Dysentery
273,1839,2,6.17,0.41,5.65,Diarrhea
1906,1927,62,10.68,0.11,3.76,Dysentery
1455,1105,21,3.31,0.01,6.16,Dysentery
15,4107,20,85.65,0.19,3.36,HepatitisA
1734,3147,1,41.27,0.13,9.01,Cholera
55,3407,26,7.74,0.36,12.45,Typhoid
140,284,0,11.85,0.41,3.13,Diarrhea
58,3284,27,8.06,0.74,28.23,Typhoid
807,2169,5,14.86,0.04,11.53,Cholera
1768,5770,10,43.56,0.14,9.37,Cholera
1480,1145,41,7.13,0.09,7.22,Dysentery
440,1247,8,7.14,0.39,1.42,Diarrhea
342,1159,8,3.73,0.24,10.55,Diarrhea
725,8430,19,30.41,0.14,10.56,Cholera
1593,1320,53,2.18,0.08,12.42,Dysentery
1402,6324,15,46.88,0.14,15.25,Cholera
1583,2245,6,48.41,0.17,17.01,Cholera
102,263,4,16.47,0.13,9.47,Diarrhea
110,2903,11,44.25,0.14,11.93,Cholera
21,1835,4,22.18,0.12,19.33,HepatitisA
104,4240,42,1.37,0.3,11.85,Typhoid
1885,5326,10,16.7,0.12,3.37,Cholera
353,749,1,12.05,0.35,7.96,Diarrhea
1213,9979,1,49.28,0.05,6.04,Cholera
97,423,19,29.66,0.33,16.83,HepatitisA
1904,2824,6,35.94,0.03,12.52,Cholera
1371,600,77,13.26,0.17,16.31,Dysentery
1825,983,58,8.68,0.09,1.55,Dysentery
632,576,71,13.37,0.2,17.11,Dysentery
78,467,10,7.31,0.72,10.7,Typhoid
318,1853,8,19.72,0.42,9.45,Diarrhea
65,2983,46,3.98,0.26,21.04,Typhoid
335,1251,0,18.26,0.44,2.13,Diarrhea
115,1964,49,3.6,0.77,21.22,Typhoid
112,4483,31,9.91,0.36,11.26,Typhoid
139,1236,4,17.06,0.03,5.62,Diarrhea
106,4909,14,6.11,0.5,26.43,Typhoid
1500,1896,22,7.96,0.27,18.19,Dysentery
258,637,3,15.35,0.09,13.22,Diarrhea
1776,397,91,7.67,0.05,8.45,Dysentery
20,4762,33,5.07,0.45,22.9,Typhoid
1485,763,24,6.42,0.26,13.92,Dysentery
134,4796,19,48.93,0.23,2.99,HepatitisA
1495,1269,46,14.77,0.12,17.45,Dysentery
947,1260,75,5.47,0.28,8.69,Dysentery
115,2676,42,3.84,0.45,15.54,Typhoid
1458,7593,7,36.31,0.08,9.77,Cholera
150,2209,19,15.43,0.15,0.49,HepatitisA
390,1033,10,4.42,0.18,6.37,Diarrhea
341,1646,7,7.24,0.42,1.71,Diarrhea
62,3712,11,21.33,0.45,13.49,HepatitisA
106,907,6,5.64,0.37,10.02,Diarrhea
128,3138,19,88.77,0.09,16.14,HepatitisA
303,251,37,8.96,0.11,6.4,Dysentery
71,1089,8,7.63,0.15,8.82,Diarrhea
1303,1732,98,14.54,0.01,2.9,Dysentery
381,1095,48,14.64,0.03,13.67,Dysentery
256,196,6,4.27,0.35,5.29,Diarrhea
433,1682,21,2.75,0.21,19.47,Dysentery
83,2519,26,8.18,0.66,18.42,Typhoid
37,4197,14,33.68,0.37,4.7,HepatitisA
1993,1108,47,8.39,0.25,10.18,Dysentery
112,487,10,6.63,0.21,17.71,Typhoid
381,8819,2,12.32,0.09,0.63,Cholera
234,1027,0,14.27,0.4,8.73,Diarrhea
59,2056,28,51.16,0.35,1.43,HepatitisA
64,1076,2,18.63,0.11,13.12,Diarrhea
189,3959,26,51.84,0.31,8.96,HepatitisA
149,973,44,6.96,0.35,14.98,Typhoid
1810,726,14,20.25,0.01,8.0,Cholera
11,3418,18,17.43,0.43,4.08,HepatitisA
800,396,23,2.13,0.09,3.85,Dysentery
85,693,4,11.69,0.32,2.55,Diarrhea
488,1221,7,4.7,0.23,2.83,Diarrhea
606,1348,41,9.04,0.12,0.1,Dysentery
638,6489,8,41.71,0.03,1.59,Cholera
208,1653,9,14.7,0.09,13.39,Diarrhea
138,3594,34,6.27,0.45,29.72,Typhoid
144,4178,7,32.42,0.21,17.82,HepatitisA
1225,4908,19,46.73,0.0,16.07,Cholera
1953,575,93,11.75,0.29,15.23,Dysentery
308,1429,12,8.01,0.38,5.53,Diarrhea
72,3933,6,24.4,0.35,16.34,HepatitisA
113,2504,8,25.8,0.1,17.91,HepatitisA
313,1131,81,11.04,0.02,1.72,Dysentery
1602,1279,24,13.03,0.13,2.73,Dysentery
41,1629,10,2.4,0.8,24.5,Typhoid
107,1109,46,4.39,0.04,1.87,Dysentery
210,1354,5,11.68,0.07,3.13,Diarrhea
190,649,8,3.26,0.2,13.25,Diarrhea
12,1424,23,8.38,0.67,23.96,Typhoid
1649,9926,14,21.3,0.02,7.49,Cholera
1396,5246,0,40.47,0.17,10.16,Cholera
49,1795,27,65.4,0.08,0.34,HepatitisA
144,1788,11,4.23,0.72,28.55,Typhoid
629,1292,41,7.37,0.22,8.44,Dysentery
409,1797,6,12.22,0.06,14.54,Diarrhea
39,380,26,9.72,0.55,19.46,Typhoid
1012,1116,28,8.63,0.25,3.94,Dysentery
103,2574,4,95.18,0.18,12.99,HepatitisA
132,542,3,14.66,0.0,7.05,Diarrhea
701,1417,2,16.3,0.14,6.63,Cholera
46,1979,34,9.74,0.51,26.37,Typhoid
145,991,21,3.77,0.24,27.47,Typhoid
1893,873,80,10.24,0.16,3.37,Dysentery
84,1849,5,9.13,0.28,0.09,Diarrhea
146,1805,10,75.5,0.24,10.28,HepatitisA
155,1310,0,5.02,0.11,3.29,Diarrhea
1710,9813,17,21.47,0.0,3.71,Cholera
485,553,14,5.11,0.16,5.2,Diarrhea
1721,1936,27,5.01,0.29,6.28,Dysentery
1405,6676,6,27.84,0.06,4.61,Cholera
153,1465,4,10.96,0.45,11.68,Diarrhea
355,572,17,11.6,0.09,6.07,Cholera
486,1982,35,3.54,0.12,3.51,Dysentery
448,714,7,5.47,0.41,13.45,Diarrhea
117,3441,11,90.84,0.33,15.73,HepatitisA
1985,3688,15,39.18,0.06,10.69,Cholera
100,4133,7,17.81,0.03,8.59,Cholera
24,1248,22,5.23,0.68,18.86,Typhoid
1791,4511,2,44.6,0.0,1.83,Cholera
11,475,13,5.24,0.57,22.07,Typhoid
350,619,4,16.43,0.3,10.27,Diarrhea
455,1860,18,18.91,0.17,13.05,Cholera
127,3385,12,22.9,0.39,10.56,HepatitisA
117,965,22,90.64,0.25,17.12,HepatitisA
101,1963,14,5.98,0.39,22.5,Typhoid
359,354,3,6.39,0.01,6.66,Diarrhea
520,4873,7,22.44,0.02,12.73,Cholera
80,1432,11,3.64,0.42,29.58,Typhoid
1382,972,85,8.79,0.03,5.55,Dysentery
943,5206,18,34.85,0.05,0.43,Cholera
324,8847,13,17.5,0.18,11.63,Cholera
53,2096,23,64.95,0.23,17.93,HepatitisA
1450,9108,2,18.83,0.06,8.2,Cholera
100,1250,1,19.12,0.31,0.18,Diarrhea
165,1831,13,29.16,0.0,19.27,HepatitisA
78,3109,33,9.74,0.46,26.6,Typhoid
452,451,5,15.56,0.03,0.1,Diarrhea
216,1391,2,12.32,0.45,10.38,Diarrhea
1836,1359,35,12.69,0.19,2.52,Dysentery
478,1948,2,8.29,0.17,10.56,Diarrhea
192,239,26,54.98,0.46,7.97,HepatitisA
23,3633,30,2.14,0.73,12.04,Typhoid
526,8423,11,20.52,0.04,10.99,Cholera
85,3149,43,4.54,0.62,20.33,Typhoid
59,3855,21,9.41,0.4,25.62,Typhoid
372,105,31,5.29,0.26,13.57,Dysentery
178,1547,1,6.91,0.37,0.23,Diarrhea
139,2940,23,5.84,0.24,19.02,Typhoid
1056,785,10,42.89,0.07,15.02,Cholera
139,1918,21,13.91,0.25,10.45,Dysentery
735,6425,14,20.5,0.12,13.99,Cholera
151,1715,23,26.48,0.32,19.4,HepatitisA
154,3286,1,91.17,0.44,17.79,HepatitisA
130,2958,45,3.23,0.69,11.76,Typhoid
78,1704,6,15.41,0.1,5.81,Diarrhea
80,2776,4,80.32,0.48,18.32,HepatitisA
173,3445,1,82.95,0.02,18.25,HepatitisA
1537,585,35,8.4,0.09,7.02,Dysentery
1488,8564,5,39.56,0.1,12.17,Cholera
54,2144,11,4.57,0.46,13.23,Typhoid
139,452,15,2.29,0.61,17.49,Typhoid
100,3615,18,3.52,0.75,14.96,Typhoid
141,2336,10,4.72,0.31,20.64,Typhoid
50,1579,4,3.97,0.22,11.84,Diarrhea
334,428,53,9.89,0.03,17.69,Dysentery
1131,9623,19,7.83,0.12,10.78,Cholera
320,1952,5,17.03,0.07,11.25,Diarrhea
113,382,17,40.47,0.4,3.77,HepatitisA
1609,733,9,33.0,0.06,1.32,Cholera
174,3269,16,14.14,0.01,1.86,HepatitisA
88,3055,45,5.36,0.47,29.86,Typhoid
54,1304,25,3.56,0.21,13.14,Typhoid
252,1098,9,6.04,0.37,6.23,Diarrhea
95,864,6,29.64,0.27,2.09,HepatitisA
623,4665,12,21.09,0.04,7.4,Cholera
65,1648,13,3.04,0.44,17.17,Typhoid
1556,3877,2,11.79,0.05,13.95,Cholera
95,2207,48,7.46,0.25,23.59,Typhoid
195,2283,5,49.42,0.03,13.87,Cholera
1388,3922,2,16.62,0.15,7.54,Cholera
129,1199,26,9.32,0.41,25.1,Typhoid
229,3329,19,21.15,0.18,4.91,Cholera
1835,3604,8,49.35,0.08,11.19,Cholera
282,2303,8,25.79,0.09,2.3,Cholera
1866,2276,0,9.91,0.15,19.33,Cholera
103,448,16,4.09,0.47,29.34,Typhoid
146,3003,26,4.59,0.71,15.06,Typhoid
1885,8950,14,8.95,0.12,13.29,Cholera
116,4100,11,53.44,0.29,5.87,HepatitisA
110,3033,18,42.39,0.02,18.67,Cholera
89,4300,27,80.02,0.38,13.68,HepatitisA
156,1028,13,93.84,0.21,9.08,HepatitisA
138,2066,38,6.17,0.23,26.7,Typhoid
288,1589,8,15.97,0.11,4.09,Diarrhea
272,765,11,15.13,0.1,11.16,Diarrhea
1250,7314,16,11.06,0.1,13.16,Cholera
932,1527,79,12.0,0.08,18.99,Dysentery
1390,3496,6,17.76,0.04,15.29,Cholera
161,1320,9,16.55,0.19,6.55,HepatitisA
98,3251,39,7.18,0.8,11.29,Typhoid
1181,9894,17,25.56,0.0,3.25,Cholera
385,1666,6,8.46,0.06,8.04,Diarrhea
670,702,46,2.06,0.28,17.97,Dysentery
1063,7979,0,16.17,0.15,16.22,Cholera
283,1679,13,7.28,0.2,14.77,Diarrhea
175,838,22,60.91,0.28,6.66,HepatitisA
173,4413,7,48.72,0.01,16.65,HepatitisA
467,697,13,10.84,0.02,3.9,Diarrhea
957,4254,5,45.09,0.05,4.19,Cholera
1789,1434,47,14.38,0.25,9.01,Dysentery
167,2707,4,62.6,0.24,6.31,HepatitisA
158,916,71,2.25,0.08,0.92,Dysentery
870,996,18,41.98,0.06,8.85,Cholera
218,1268,7,17.9,0.03,2.48,Diarrhea
1754,7189,6,8.31,0.09,17.44,Cholera
203,205,0,15.43,0.1,2.79,Diarrhea
96,598,14,44.91,0.06,1.69,HepatitisA
896,700,22,5.2,0.22,6.11,Dysentery
1152,1485,93,8.87,0.03,9.95,Dysentery
1873,905,73,14.42,0.12,3.07,Dysentery
170,863,13,85.13,0.36,5.42,HepatitisA
812,5013,7,41.28,0.13,16.42,Cholera
172,4742,29,87.96,0.32,3.55,HepatitisA
365,1958,9,14.67,0.17,5.62,Diarrhea
48,4937,1,48.19,0.42,10.43,HepatitisA
109,2488,47,2.51,0.41,14.77,Typhoid
1795,5012,3,35.63,0.04,7.49,Cholera
71,1002,1,5.94,0.22,6.98,Diarrhea
182,1078,9,13.74,0.26,5.09,HepatitisA
91,3454,46,4.74,0.48,12.76,Typhoid
68,4464,17,84.13,0.45,2.19,HepatitisA
701,5145,0,10.73,0.06,3.64,Cholera
116,4547,3,83.61,0.05,11.93,HepatitisA
1152,714,34,14.53,0.06,5.11,Dysentery
77,4364,4,63.9,0.07,7.01,HepatitisA
100,1474,47,2.2,0.49,17.98,Typhoid
473,1965,31,3.29,0.1,6.43,Dysentery
30,1406,27,1.81,0.63,12.96,Typhoid
43,4867,22,60.29,0.46,19.91,HepatitisA
1743,4729,11,38.41,0.05,5.14,Cholera
106,413,22,4.58,0.66,28.41,Typhoid
195,4343,23,40.72,0.43,16.74,HepatitisA
1614,502,86,12.16,0.17,6.01,Dysentery
51,2236,41,5.11,0.56,12.05,Typhoid
106,4846,33,4.0,0.61,20.82,Typhoid
162,1921,88,2.92,0.27,6.97,Dysentery
58,1201,7,34.83,0.32,6.69,HepatitisA
99,4355,3,63.61,0.19,18.18,HepatitisA
989,5274,16,27.91,0.16,0.19,Cholera
1952,2531,7,12.82,0.17,8.97,Cholera
11,3932,45,2.2,0.58,11.82,Typhoid
205,1518,69,14.21,0.13,12.09,Dysentery
48,3276,14,14.04,0.38,6.51,HepatitisA
375,1106,11,18.39,0.1,1.82,Diarrhea
1163,9760,1,12.93,0.13,11.41,Cholera
1348,5875,5,48.38,0.13,17.81,Cholera
210,1172,21,11.92,0.14,16.25,Dysentery
490,1846,7,18.73,0.15,5.46,Diarrhea
339,983,8,8.03,0.18,4.71,Diarrhea
1054,9389,6,34.95,0.07,4.78,Cholera
1497,1476,68,11.8,0.1,2.94,Dysentery
1262,6458,16,49.26,0.13,3.75,Cholera
130,1492,9,18.63,0.22,13.62,Diarrhea
28,740,28,9.86,0.44,23.11,Typhoid
1370,4065,15,9.06,0.04,8.86,Cholera
98,912,1,15.19,0.32,12.75,Diarrhea
1007,1562,59,13.42,0.05,17.44,Dysentery
21,3125,4,11.4,0.24,17.39,HepatitisA
434,161,57,10.8,0.1,15.13,Dysentery
1296,222,50,13.78,0.05,7.92,Dysentery
154,1481,14,20.79,0.27,17.16,HepatitisA
95,316,49,2.66,0.57,20.32,Typhoid
422,449,6,6.9,0.47,0.76,Diarrhea
811,4103,3,32.2,0.14,1.99,Cholera
58,518,0,19.4,0.19,10.86,Diarrhea
1637,1759,42,10.9,0.19,5.83,Dysentery
140,1000,7,5.88,0.31,13.27,Diarrhea
291,1252,40,3.09,0.09,14.53,Dysentery
258,1631,10,11.01,0.42,1.25,Diarrhea
87,3776,22,2.04,0.41,21.36,Typhoid
344,1461,0,14.67,0.27,8.49,Diarrhea
1716,6983,17,17.79,0.05,11.55,Cholera
186,477,12,4.87,0.27,8.49,Diarrhea
1579,7035,1,14.16,0.19,8.61,Cholera
143,717,22,22.11,0.13,9.31,HepatitisA
913,1680,60,10.09,0.21,0.52,Dysentery
395,1240,29,3.97,0.14,18.68,Dysentery
1943,629,86,12.08,0.08,19.7,Dysentery
1348,1385,13,20.49,0.19,13.47,Cholera
1256,586,77,10.26,0.14,6.44,Dysentery
230,895,3,12.13,0.13,5.36,Diarrhea
925,913,8,36.62,0.05,19.17,Cholera
124,1319,24,4.12,0.46,17.19,Typhoid
667,1876,76,12.33,0.27,14.13,Dysentery
34,2346,35,3.68,0.43,29.62,Typhoid
1064,1260,61,4.63,0.15,4.17,Dysentery
883,532,21,9.68,0.05,19.71,Dysentery
80,1983,27,5.91,0.35,21.74,Typhoid
114,2750,26,6.66,0.66,12.25,Typhoid
271,1546,2,19.26,0.35,10.69,Diarrhea
1356,1892,91,4.94,0.26,16.9,Dysentery
151,4877,16,44.61,0.05,9.64,HepatitisA
128,300,34,7.92,0.61,20.28,Typhoid
153,967,48,4.12,0.19,3.57,Dysentery
133,3674,38,6.79,0.2,22.41,Typhoid
299,790,10,3.83,0.35,3.41,Diarrhea
74,2001,30,6.22,0.54,15.41,Typhoid
83,4756,27,3.55,0.55,17.52,Typhoid
125,8793,17,22.04,0.09,2.89,Cholera
115,3055,48,4.08,0.5,14.27,Typhoid
186,1682,0,15.74,0.1,11.68,Diarrhea
839,9644,19,24.43,0.02,1.62,Cholera
248,269,10,15.92,0.46,11.92,Diarrhea
135,3495,29,38.68,0.44,17.09,HepatitisA
27,2502,30,3.34,0.67,26.05,Typhoid
89,4519,14,58.76,0.45,12.25,HepatitisA
21,2354,29,41.05,0.16,13.69,HepatitisA
323,100,34,8.31,0.0,0.51,Dysentery
104,4107,9,98.7,0.17,2.88,HepatitisA
790,3560,19,36.15,0.15,11.99,Cholera
91,3460,35,4.62,0.57,19.25,Typhoid
168,2408,10,50.93,0.12,2.7,HepatitisA
226,342,9,10.37,0.43,11.44,Diarrhea
122,726,3,5.2,0.33,0.25,Diarrhea
1019,3577,2,46.02,0.14,15.33,Cholera
122,2419,10,2.15,0.3,11.84,Typhoid
502,1459,38,3.29,0.16,8.84,Dysentery
77,4315,23,2.37,0.2,10.19,Typhoid
107,2859,39,1.31,0.47,14.17,Typhoid
392,194,11,19.88,0.29,11.14,Diarrhea
396,911,4,6.11,0.04,11.76,Diarrhea
634,1569,85,13.61,0.2,3.24,Dysentery
1406,8229,15,14.2,0.08,1.24,Cholera
694,4761,7,33.62,0.03,10.21,Cholera
692,4281,10,20.61,0.17,1.52,Cholera
176,2871,6,42.52,0.35,9.81,HepatitisA
395,403,5,6.51,0.03,4.92,Diarrhea
789,5417,12,38.93,0.14,9.07,Cholera
46,2913,26,67.99,0.31,10.81,HepatitisA
88,1807,8,12.87,0.05,10.0,Diarrhea
103,4346,3,31.19,0.04,16.56,HepatitisA
212,1319,47,2.97,0.29,14.78,Dysentery
127,4454,23,2.59,0.73,18.31,Typhoid
131,6441,18,27.42,0.07,8.68,Cholera
1419,1680,99,11.15,0.08,16.45,Dysentery
122,3067,8,68.84,0.11,17.92,HepatitisA
144,1873,19,6.67,0.65,18.07,Typhoid
118,3267,7,55.49,0.16,0.48,HepatitisA
628,5208,2,33.2,0.17,1.21,Cholera
141,3296,10,5.3,0.75,13.56,Typhoid
133,3283,12,14.74,0.46,10.08,HepatitisA
1966,1148,58,13.23,0.27,16.24,Dysentery
95,4965,22,21.09,0.14,12.88,HepatitisA
88,4524,29,5.79,0.73,22.02,Typhoid
130,4493,44,4.34,0.41,17.82,Typhoid
1533,7433,14,26.2,0.14,18.58,Cholera
1317,1917,94,2.82,0.07,19.2,Dysentery
12,4527,10,1.52,0.24,22.34,Typhoid
67,807,0,54.82,0.27,13.95,HepatitisA
1530,1936,44,9.28,0.14,16.64,Dysentery
79,503,26,6.77,0.41,28.74,Typhoid
381,1364,8,6.63,0.45,3.38,Diarrhea
67,1204,3,98.9,0.34,16.81,HepatitisA
113,1508,31,8.9,0.24,28.27,Typhoid
1544,1818,16,43.83,0.14,9.4,Cholera
1040,864,50,4.25,0.27,6.63,Dysentery
104,3585,21,30.96,0.01,2.8,HepatitisA
137,4376,9,75.51,0.38,14.57,HepatitisA
578,1626,84,2.68,0.01,12.83,Dysentery
427,5676,2,33.69,0.09,16.24,Cholera
935,1729,10,30.21,0.02,8.65,Cholera
105,4977,25,4.51,0.25,27.82,Typhoid
216,831,6,19.41,0.07,1.51,Diarrhea
118,954,28,72.16,0.21,10.41,HepatitisA
157,7204,15,15.25,0.04,6.54,Cholera
15,3708,23,9.84,0.21,20.66,Typhoid
153,155,95,3.91,0.12,1.75,Dysentery
181,337,5,68.42,0.1,5.47,HepatitisA
141,4903,26,5.39,0.37,19.54,Typhoid
1743,268,82,4.97,0.27,14.79,Dysentery
61,2586,25,19.28,0.39,4.67,HepatitisA
35,1738,0,66.24,0.44,2.7,HepatitisA
124,2647,49,8.33,0.61,21.63,Typhoid
431,8856,5,7.83,0.09,2.84,Cholera
1756,726,25,4.91,0.19,12.0,Dysentery
700,1692,35,14.14,0.05,3.48,Dysentery
99,3967,11,8.44,0.69,25.52,Typhoid
92,2766,25,13.31,0.12,2.88,HepatitisA
177,1678,4,8.18,0.47,9.44,Diarrhea
83,1364,8,4.11,0.24,9.93,Diarrhea
417,1354,4,15.34,0.25,1.54,Diarrhea
137,446,0,41.46,0.31,5.65,HepatitisA
1372,1013,56,12.2,0.16,3.69,Dysentery
1397,1950,64,3.52,0.01,12.73,Dysentery
22,1359,20,6.77,0.5,28.33,Typhoid
16,4076,15,1.93,0.49,18.01,Typhoid
1647,647,22,14.6,0.17,18.73,Dysentery
1460,175,45,12.7,0.01,8.17,Dysentery
69,4381,13,13.04,0.05,13.23,HepatitisA
1132,799,30,2.07,0.12,3.01,Dysentery
198,646,4,44.97,0.21,17.29,HepatitisA
530,911,21,9.77,0.04,18.09,Dysentery
21,1722,47,3.28,0.43,15.14,Typhoid
275,758,2,7.03,0.2,2.9,Diarrhea
343,479,14,17.29,0.46,3.38,Diarrhea
267,719,8,12.54,0.38,10.76,Diarrhea
143,2320,26,14.54,0.37,6.07,HepatitisA
43,3641,10,70.56,0.07,12.42,HepatitisA
193,278,20,90.12,0.48,2.61,HepatitisA
1175,341,38,6.27,0.25,3.13,Dysentery
133,1743,9,70.5,0.18,18.76,HepatitisA
138,4618,16,7.93,0.59,23.64,Typhoid
1057,948,35,2.46,0.11,12.45,Dysentery
32,3229,37,8.67,0.77,12.94,Typhoid
1379,4652,14,33.47,0.09,9.21,Cholera
1600,373,92,11.37,0.03,9.38,Dysentery
173,1194,10,5.41,0.01,3.52,Diarrhea
183,1987,14,84.5,0.07,18.53,HepatitisA
93,3322,42,6.13,0.63,18.63,Typhoid
227,1857,5,10.37,0.14,14.56,Diarrhea
331,1739,10,16.75,0.38,3.48,Diarrhea
184,4793,7,84.57,0.24,15.35,HepatitisA
92,3857,10,1.37,0.45,11.27,Typhoid
110,9216,19,17.64,0.19,9.9,Cholera
10,1279,10,6.51,0.79,18.94,Typhoid
1737,875,49,12.21,0.15,16.73,Dysentery
85,1060,10,6.43,0.04,4.46,Diarrhea
482,1454,6,3.52,0.48,14.16,Diarrhea
1788,1884,28,4.98,0.21,9.4,Dysentery
42,2228,27,5.63,0.32,20.96,Typhoid
154,933,7,3.18,0.06,12.33,Diarrhea
122,2169,49,2.75,0.37,28.26,Typhoid
1280,255,62,2.17,0.09,9.95,Dysentery
199,1882,4,16.65,0.3,14.3,Diarrhea
1375,1147,12,38.25,0.0,16.27,Cholera
36,3915,1,55.63,0.47,0.84,HepatitisA
927,447,69,13.36,0.21,1.1,Dysentery
658,1674,6,30.02,0.02,5.83,Cholera
170,613,2,4.72,0.22,9.81,Diarrhea
1801,8345,6,10.27,0.04,14.37,Cholera
88,4961,43,2.45,0.27,11.05,Typhoid
145,548,4,15.08,0.01,9.78,Diarrhea
89,552,21,6.02,0.74,29.89,Typhoid
1145,908,23,2.47,0.15,19.45,Dysentery
1375,1944,91,13.67,0.1,9.88,Dysentery
944,1176,58,3.45,0.24,4.88,Dysentery
1636,543,39,3.92,0.13,2.03,Dysentery
175,4144,2,56.37,0.21,11.21,HepatitisA
1069,5764,6,16.6,0.02,14.28,Cholera
123,2418,25,5.73,0.52,14.18,Typhoid
368,1250,36,6.14,0.1,6.91,Dysentery
1661,1449,98,4.43,0.26,15.7,Dysentery
97,3166,49,2.49,0.55,20.48,Typhoid
959,955,8,28.53,0.02,4.36,Cholera
720,2262,19,34.03,0.19,4.49,Cholera
371,615,11,11.91,0.05,2.31,Diarrhea
87,4681,11,5.04,0.41,20.18,Typhoid
79,945,40,4.29,0.41,13.98,Typhoid
1681,5721,2,11.89,0.1,0.91,Cholera
69,1073,15,9.8,0.22,24.03,Typhoid
1895,632,58,9.72,0.01,14.19,Dysentery
446,364,77,13.19,0.07,15.09,Dysentery
72,4725,13,61.06,0.35,13.26,HepatitisA
113,1847,3,9.51,0.4,4.6,Diarrhea
1329,823,62,6.85,0.06,11.76,Dysentery
126,1287,27,5.95,0.27,21.63,Typhoid
780,6713,12,35.06,0.03,19.85,Cholera
40,599,35,8.48,0.79,17.28,Typhoid
64,2636,1,93.48,0.28,17.3,HepatitisA
125,4396,44,4.32,0.28,17.85,Typhoid
38,1825,16,96.47,0.39,17.52,HepatitisA
147,4335,19,7.19,0.58,27.43,Typhoid
1292,623,24,12.64,0.06,3.91,Dysentery
163,548,13,19.5,0.26,9.7,Diarrhea
1040,1183,98,6.65,0.11,2.93,Dysentery
1743,196,22,4.88,0.23,3.85,Dysentery
1790,4364,18,42.28,0.02,13.21,Cholera
1477,1073,59,8.67,0.21,8.62,Dysentery
19,3674,18,81.27,0.12,13.2,HepatitisA
901,4389,17,32.0,0.17,13.82,Cholera
943,5538,2,41.83,0.06,14.21,Cholera
117,4606,48,6.16,0.72,24.1,Typhoid
33,391,47,5.82,0.48,12.53,Typhoid
282,872,2,7.25,0.43,2.91,Diarrhea
281,732,10,3.53,0.46,14.6,Diarrhea
97,4235,2,33.61,0.24,13.61,HepatitisA
184,607,8,11.2,0.46,3.59,Diarrhea
137,3136,38,3.92,0.41,25.18,Typhoid
1724,560,95,6.91,0.22,18.05,Dysentery
1302,7391,18,49.08,0.04,7.02,Cholera
363,4864,13,25.72,0.18,5.82,Cholera
115,356,19,9.0,0.37,10.43,Typhoid
97,4500,13,33.98,0.12,9.42,HepatitisA
1075,144,97,3.55,0.1,0.95,Dysentery
83,4562,20,19.26,0.16,8.19,HepatitisA
1383,8393,3,43.44,0.1,7.2,Cholera
62,2841,6,52.18,0.29,2.23,HepatitisA
1877,5336,7,24.53,0.15,13.87,Cholera
229,1343,19,33.57,0.15,9.8,Cholera
102,3096,3,25.43,0.01,8.72,HepatitisA
60,1310,22,79.48,0.45,18.25,HepatitisA
296,1887,1,15.21,0.05,5.63,Diarrhea
28,515,15,12.25,0.04,4.97,HepatitisA
786,458,27,14.61,0.14,0.38,Dysentery
146,3526,37,2.31,0.4,21.32,Typhoid
272,550,8,10.42,0.19,3.32,Diarrhea
90,2205,5,65.98,0.14,8.52,HepatitisA
910,7430,16,38.6,0.18,7.05,Cholera
62,770,23,7.77,0.48,14.2,Typhoid
44,308,26,3.97,0.48,22.55,Typhoid
146,3627,46,8.83,0.53,20.41,Typhoid
1750,7737,11,25.39,0.03,0.75,Cholera
1725,928,25,12.3,0.25,14.99,Dysentery
73,1114,2,14.45,0.32,2.82,Diarrhea
190,856,60,12.71,0.05,11.51,Dysentery
1000,5437,10,49.22,0.11,13.52,Cholera
96,224,21,1.73,0.47,25.96,Typhoid
1307,1368,83,6.61,0.03,5.93,Dysentery
1623,190,90,3.7,0.17,1.48,Dysentery
227,153,8,8.07,0.39,0.84,Diarrhea
144,4063,20,4.86,0.38,27.06,Typhoid
1367,881,97,12.06,0.01,14.31,Dysentery
1476,9313,2,16.56,0.16,15.16,Cholera
114,4574,17,5.15,0.62,22.92,Typhoid
151,4821,17,66.75,0.31,4.78,HepatitisA
412,1833,98,6.86,0.14,11.54,Dysentery
1396,536,45,14.22,0.02,10.02,Dysentery
154,2883,6,51.04,0.21,14.57,HepatitisA
1502,9993,19,40.32,0.16,7.73,Cholera
197,610,8,14.98,0.44,4.93,Diarrhea
120,4012,44,8.59,0.21,27.39,Typhoid
90,4667,28,67.92,0.11,17.52,HepatitisA
61,677,27,2.67,0.47,19.71,Typhoid
1043,7785,2,20.59,0.17,19.15,Cholera
1905,1689,82,4.47,0.19,5.62,Dysentery
60,2177,29,6.89,0.67,18.61,Typhoid
749,6685,1,21.86,0.15,2.4,Cholera
123,3296,2,37.89,0.44,0.87,HepatitisA
151,2780,9,55.93,0.4,19.9,HepatitisA
173,2168,29,87.85,0.15,17.24,HepatitisA
1751,6670,4,18.32,0.01,1.78,Cholera
131,2178,16,9.26,0.63,27.23,Typhoid
180,3369,23,87.7,0.42,12.45,HepatitisA
156,985,8,18.0,0.11,7.9,Diarrhea
1804,1421,85,8.59,0.2,12.11,Dysentery
605,609,33,14.71,0.26,1.38,Dysentery
1641,1478,76,5.99,0.14,6.19,Dysentery
42,1121,0,89.79,0.37,18.81,HepatitisA
452,934,10,8.31,0.05,11.37,Diarrhea
5,3768,24,55.94,0.41,0.77,HepatitisA
17,2941,30,6.27,0.59,25.48,Typhoid
840,1176,1,10.0,0.13,16.05,Cholera
1912,5101,17,17.35,0.18,14.09,Cholera
53,1155,29,1.36,0.58,21.25,Typhoid
720,405,39,11.77,0.03,10.28,Dysentery
239,901,11,19.81,0.41,0.0,Diarrhea
65,529,9,67.68,0.16,3.16,HepatitisA
220,1751,12,16.54,0.27,3.99,Diarrhea
165,2497,5,19.5,0.19,2.27,Cholera
1350,4330,16,34.43,0.1,4.56,Cholera
1586,9544,12,43.91,0.01,2.38,Cholera
197,2924,14,86.62,0.1,13.55,HepatitisA
32,588,15,35.12,0.32,17.63,HepatitisA
442,620,11,6.5,0.32,7.66,Diarrhea
142,1617,0,62.09,0.06,11.18,HepatitisA
186,7334,2,15.53,0.03,11.19,Cholera
710,1126,87,2.06,0.17,8.53,Dysentery
1275,997,45,6.0,0.15,17.31,Dysentery
1763,1216,53,14.91,0.23,12.59,Dysentery
19,4650,19,7.7,0.72,24.24,Typhoid
58,412,22,87.79,0.38,19.53,HepatitisA
601,125,23,7.38,0.17,0.91,Dysentery
64,4760,0,29.23,0.08,16.92,HepatitisA
125,3187,40,2.07,0.25,15.66,Typhoid
98,4242,0,77.49,0.31,1.05,HepatitisA
103,3811,30,3.61,0.74,27.75,Typhoid
350,2316,10,49.04,0.06,7.55,Cholera
144,800,11,5.75,0.52,11.25,Typhoid
46,1226,21,99.23,0.44,4.74,HepatitisA
140,2651,18,72.89,0.24,18.01,HepatitisA
1990,1329,28,13.42,0.22,15.85,Dysentery
1787,8641,7,20.05,0.17,9.05,Cholera
1499,4866,2,33.95,0.16,0.44,Cholera
79,3343,48,9.14,0.75,20.56,Typhoid
45,4577,47,8.34,0.42,26.8,Typhoid
195,4478,13,22.55,0.3,12.93,HepatitisA
435,1555,31,3.13,0.24,5.5,Dysentery
1308,1973,94,13.08,0.21,18.02,Dysentery
201,1303,9,5.63,0.15,5.48,Diarrhea
1950,8928,18,23.26,0.15,16.09,Cholera
350,1132,1,8.64,0.28,5.93,Diarrhea
1746,1047,52,5.65,0.02,19.77,Dysentery
483,507,54,12.93,0.16,5.03,Dysentery
21,4933,9,10.17,0.09,3.05,HepatitisA
796,1023,41,4.47,0.1,15.01,Dysentery
1314,4045,15,11.94,0.04,5.15,Cholera
33,448,23,9.09,0.41,26.51,Typhoid
397,718,3,18.16,0.07,7.15,Diarrhea
258,1639,9,4.19,0.26,6.62,Diarrhea
89,2719,25,87.21,0.46,13.39,HepatitisA
23,2030,22,59.16,0.34,7.45,HepatitisA
24,1948,38,2.34,0.72,18.53,Typhoid
276,5769,18,39.83,0.17,8.08,Cholera
74,1762,5,85.8,0.31,13.78,HepatitisA
11,1849,3,72.01,0.17,9.39,HepatitisA
253,2883,8,6.83,0.04,6.0,Cholera
1429,362,81,7.54,0.09,15.78,Dysentery
70,4949,35,7.35,0.23,18.6,Typhoid
63,292,7,11.68,0.17,7.87,Diarrhea
162,4634,24,50.25,0.18,18.86,HepatitisA
185,813,3,16.94,0.23,7.09,Diarrhea
178,2216,16,37.04,0.03,5.45,Cholera
925,2723,6,14.53,0.16,3.61,Cholera
144,707,12,15.87,0.31,14.28,Diarrhea
47,1348,16,56.15,0.49,16.39,HepatitisA
169,904,3,75.81,0.15,17.4,HepatitisA
84,4300,15,8.59,0.53,16.36,Typhoid
50,2627,15,2.87,0.35,28.42,Typhoid
167,722,8,6.37,0.43,8.47,Diarrhea
648,1230,78,14.89,0.28,6.09,Dysentery
114,470,4,13.88,0.42,11.86,Diarrhea
512,5112,19,23.79,0.01,3.36,Cholera
478,1520,2,3.53,0.39,12.05,Diarrhea
1802,3525,15,36.45,0.08,2.29,Cholera
1444,1203,58,7.8,0.28,16.86,Dysentery
221,895,56,13.37,0.15,0.53,Dysentery
740,393,25,14.29,0.27,5.44,Dysentery
123,664,2,24.26,0.39,17.66,HepatitisA
106,1623,13,6.17,0.26,18.08,Typhoid
473,442,10,3.24,0.14,3.48,Diarrhea
1624,649,53,13.75,0.21,3.06,Dysentery
438,1724,2,9.37,0.18,14.4,Diarrhea
10,1888,35,6.55,0.46,18.87,Typhoid
95,2689,26,6.16,0.3,17.5,Typhoid
98,1923,7,85.12,0.21,1.76,HepatitisA
102,1065,22,2.08,0.5,14.41,Typhoid
137,201,17,2.65,0.74,11.39,Typhoid
161,748,25,46.24,0.41,6.64,HepatitisA
149,2696,43,3.4,0.73,18.86,Typhoid
35,1762,3,40.31,0.35,9.09,HepatitisA
12,1214,17,33.04,0.04,16.26,HepatitisA
1113,1239,29,10.39,0.28,18.39,Dysentery
64,1160,12,4.73,0.24,11.72,Typhoid
138,767,32,4.16,0.68,26.23,Typhoid
114,3240,18,55.7,0.0,8.92,HepatitisA
409,5329,2,9.36,0.04,17.0,Cholera
103,1567,42,9.4,0.63,28.42,Typhoid
1631,4291,13,28.87,0.05,6.0,Cholera
1161,1450,78,12.25,0.03,13.09,Dysentery
124,2563,18,94.12,0.02,2.36,HepatitisA
1801,264,54,3.59,0.02,19.97,Dysentery
88,3423,29,21.5,0.35,13.19,HepatitisA
288,8275,1,34.72,0.12,5.85,Cholera
473,833,0,15.91,0.17,13.75,Diarrhea
92,2381,0,85.94,0.44,3.31,HepatitisA
1011,7045,2,35.63,0.09,13.23,Cholera
111,1014,18,7.09,0.58,20.78,Typhoid
17,2146,23,5.16,0.36,17.22,Typhoid
953,9473,15,32.36,0.13,9.57,Cholera
139,947,48,1.64,0.62,11.54,Typhoid
176,2674,29,72.04,0.15,12.09,HepatitisA
1377,7788,15,27.96,0.08,1.74,Cholera
81,1104,36,1.5,0.31,20.15,Typhoid
1881,3612,19,21.18,0.04,1.03,Cholera
490,1456,6,8.22,0.2,14.24,Diarrhea
333,3434,8,27.84,0.09,19.01,Cholera
760,1382,13,15.08,0.1,9.86,Cholera
851,521,92,10.18,0.28,15.38,Dysentery
36,4540,17,36.66,0.1,0.47,HepatitisA
487,684,12,3.91,0.02,12.33,Diarrhea
1042,1747,76,5.6,0.13,6.97,Dysentery
16,3532,23,2.39,0.51,25.12,Typhoid
55,406,40,3.31,0.37,19.14,Typhoid
1886,7490,0,19.94,0.04,11.88,Cholera
795,8437,11,23.46,0.02,15.73,Cholera
127,3238,19,9.6,0.43,10.49,Typhoid
271,566,5,17.96,0.43,4.6,Diarrhea
171,7246,9,20.06,0.06,8.51,Cholera
1709,601,61,9.63,0.24,8.72,Dysentery
108,4581,17,79.46,0.25,14.96,HepatitisA
1324,3377,12,9.35,0.11,9.64,Cholera
135,4317,36,2.66,0.28,12.82,Typhoid
1448,3501,14,22.49,0.18,11.2,Cholera
515,247,43,14.37,0.14,9.76,Dysentery
3,4256,1,72.2,0.11,12.49,HepatitisA
80,1461,1,21.03,0.26,4.58,HepatitisA
1368,6525,0,39.74,0.13,0.14,Cholera
142,1993,0,15.81,0.43,1.97,Diarrhea
327,396,11,12.6,0.43,11.01,Diarrhea
1070,1720,94,12.2,0.09,11.48,Dysentery
129,916,80,3.57,0.23,14.93,Dysentery
781,9019,3,47.88,0.06,2.45,Cholera
1812,476,56,5.96,0.18,8.36,Dysentery
481,1518,91,5.82,0.25,12.56,Dysentery
1330,2276,19,11.11,0.18,5.27,Cholera
714,1921,10,31.02,0.18,19.58,Cholera
1550,512,10,35.98,0.04,4.0,Cholera
50,1537,1,18.68,0.16,7.03,Diarrhea
383,1526,97,3.2,0.2,12.5,Dysentery
103,2711,44,8.13,0.36,10.97,Typhoid
460,419,6,5.9,0.38,8.85,Diarrhea
75,3756,24,16.13,0.3,0.76,HepatitisA
128,1159,7,15.96,0.12,5.04,Diarrhea
1500,1586,8,46.66,0.07,7.76,Cholera
39,1180,26,99.47,0.13,12.24,HepatitisA
86,696,12,8.79,0.13,4.52,Diarrhea
111,773,10,12.62,0.13,3.62,Diarrhea
1257,1294,10,30.39,0.03,16.07,Cholera
1531,1456,6,6.41,0.07,10.35,Cholera
138,1270,24,40.73,0.21,15.71,HepatitisA
1141,1514,73,13.77,0.22,5.7,Dysentery
105,1195,43,2.2,0.77,25.11,Typhoid
331,278,11,18.79,0.08,14.88,Diarrhea
97,532,26,22.62,0.19,5.56,HepatitisA
1992,7729,9,48.77,0.16,11.5,Cholera
96,337,28,82.82,0.44,7.17,HepatitisA
121,1086,16,2.22,0.23,29.13,Typhoid
127,2244,33,1.49,0.76,19.68,Typhoid
1842,1966,55,13.96,0.19,8.53,Dysentery
400,391,13,8.15,0.21,13.83,Diarrhea
482,1921,14,43.24,0.1,15.63,Cholera
97,4395,0,32.84,0.14,14.95,HepatitisA
740,164,47,5.66,0.03,10.08,Dysentery
114,694,7,91.99,0.47,9.93,HepatitisA
360,2160,16,26.85,0.16,6.55,Cholera
272,1528,7,17.46,0.4,7.89,Diarrhea
170,3871,1,50.16,0.38,0.7,HepatitisA
1937,4053,2,5.42,0.11,9.62,Cholera
1455,5098,0,29.39,0.17,1.8,Cholera
60,1435,0,14.15,0.33,10.01,Diarrhea
1160,871,56,11.68,0.06,4.74,Dysentery
207,589,10,7.82,0.36,9.87,Diarrhea
168,1133,82,3.3,0.1,14.96,Dysentery
167,3939,27,47.82,0.24,11.32,HepatitisA
1132,8962,12,45.93,0.0,9.75,Cholera
1933,8123,7,18.34,0.05,4.18,Cholera
79,3385,48,1.75,0.45,23.47,Typhoid
37,2165,41,5.65,0.33,22.63,Typhoid
455,1286,8,15.63,0.11,0.7,Diarrhea
423,192,6,11.53,0.15,7.41,Diarrhea
1209,5584,18,37.35,0.18,1.31,Cholera
50,1311,1,3.92,0.01,5.08,Diarrhea
822,1533,36,7.03,0.07,18.9,Dysentery
1141,1246,86,9.85,0.03,12.87,Dysentery
71,376,15,92.51,0.46,19.19,HepatitisA
1080,2023,18,14.16,0.01,14.84,Cholera
1434,5352,12,20.88,0.15,2.43,Cholera
1776,572,97,5.6,0.05,7.58,Dysentery
282,1299,3,9.71,0.28,8.96,Diarrhea
251,424,2,15.52,0.37,1.06,Diarrhea
1307,713,20,8.04,0.03,13.61,Dysentery
53,2474,18,91.67,0.15,10.08,HepatitisA
499,1989,6,18.23,0.44,13.86,Diarrhea
14,4171,15,5.59,0.45,20.72,Typhoid
369,1747,8,7.0,0.11,14.68,Diarrhea
7,4380,28,48.55,0.45,6.1,HepatitisA
103,712,13,8.29,0.47,22.26,Typhoid
1515,1156,77,5.19,0.08,13.89,Dysentery
270,709,97,14.83,0.21,6.66,Dysentery
568,1620,10,29.98,0.02,1.78,Cholera
1054,2801,17,11.34,0.17,13.53,Cholera
89,3858,12,3.36,0.76,19.6,Typhoid
178,1460,18,55.61,0.46,2.58,HepatitisA
317,1001,5,12.46,0.33,0.72,Diarrhea
171,1625,3,20.58,0.17,6.2,HepatitisA
661,2420,7,9.98,0.0,3.51,Cholera
33,4995,23,62.13,0.44,5.65,HepatitisA
769,1617,22,3.58,0.04,17.81,Dysentery
1786,1456,51,10.94,0.11,11.04,Dysentery
341,718,11,5.45,0.03,11.49,Diarrhea
306,1373,60,4.96,0.13,16.26,Dysentery
373,1011,7,7.99,0.09,11.58,Diarrhea
1340,1705,43,6.72,0.15,9.04,Dysentery
32,3737,27,90.3,0.48,4.01,HepatitisA
1665,1802,21,3.47,0.2,17.26,Dysentery
1025,7473,1,47.35,0.05,9.56,Cholera
1669,1710,84,11.64,0.11,4.63,Dysentery
787,6895,8,47.65,0.06,7.63,Cholera
132,1021,30,4.23,0.6,18.01,Typhoid
342,999,0,7.5,0.36,12.23,Diarrhea
1734,9031,18,26.32,0.13,12.36,Cholera
1530,1077,9,6.05,0.12,8.15,Cholera
418,1545,1,14.16,0.26,13.8,Diarrhea
1138,511,33,14.74,0.18,17.57,Dysentery
584,1933,65,10.58,0.09,7.6,Dysentery
143,3338,30,8.3,0.24,17.14,Typhoid
951,8679,0,44.36,0.18,2.98,Cholera
153,2543,16,25.18,0.39,12.89,HepatitisA
1022,3897,7,45.99,0.03,3.36,Cholera
125,2996,15,51.29,0.28,2.28,HepatitisA
188,4650,15,39.98,0.17,14.3,Cholera
59,3678,1,70.2,0.19,18.22,HepatitisA
1610,9407,7,40.15,0.09,3.24,Cholera
1870,1086,92,2.84,0.29,14.0,Dysentery
175,4386,3,59.93,0.07,0.18,HepatitisA
201,1633,10,16.42,0.1,6.3,Diarrhea
58,2397,11,8.31,0.31,11.67,Typhoid
938,9682,8,46.5,0.06,9.85,Cholera
190,1206,14,3.54,0.17,5.7,Diarrhea
196,1295,1,11.4,0.28,7.68,Diarrhea
1081,6069,3,24.36,0.17,8.89,Cholera
320,7679,16,44.93,0.17,16.15,Cholera
1463,6782,2,29.08,0.05,1.66,Cholera
108,552,10,6.68,0.67,11.28,Typhoid
464,9609,6,8.23,0.05,3.96,Cholera
814,2363,14,21.22,0.16,13.67,Cholera
365,2564,12,41.74,0.08,4.4,Cholera
1034,1153,9,12.88,0.16,10.86,Cholera
93,969,6,79.29,0.09,15.19,HepatitisA
40,4186,19,6.36,0.69,29.75,Typhoid
149,2432,45,9.87,0.66,24.42,Typhoid
49,2596,24,73.21,0.35,16.4,HepatitisA
1757,523,69,13.16,0.24,2.86,Dysentery
141,6429,4,48.88,0.06,8.65,Cholera
19,2604,36,2.46,0.73,17.63,Typhoid
145,3362,27,80.49,0.16,1.03,HepatitisA
1092,1188,8,46.03,0.18,9.13,Cholera
1753,4208,8,20.09,0.08,15.19,Cholera
5,4124,15,29.67,0.19,17.29,HepatitisA
35,2215,49,9.4,0.38,11.72,Typhoid
85,3998,48,5.96,0.38,20.71,Typhoid
352,1585,12,5.82,0.14,9.37,Diarrhea
49,2853,25,51.71,0.01,9.34,HepatitisA
51,794,8,66.87,0.45,8.21,HepatitisA
74,3297,15,1.96,0.7,14.27,Typhoid
102,2896,20,6.66,0.4,16.92,Typhoid
369,1382,10,17.53,0.19,3.12,Diarrhea
1534,8133,12,17.53,0.09,15.53,Cholera
200,375,3,4.97,0.32,4.51,Diarrhea
89,2880,24,1.93,0.65,15.81,Typhoid
1264,571,11,28.5,0.07,2.1,Cholera
126,1531,6,19.31,0.03,10.55,Diarrhea
96,4183,46,7.67,0.67,26.18,Typhoid
318,7874,17,39.51,0.05,11.68,Cholera
1944,383,69,14.91,0.19,15.46,Dysentery
34,4037,36,9.66,0.46,15.29,Typhoid
86,482,24,54.88,0.19,8.59,HepatitisA
133,411,59,2.09,0.22,17.58,Dysentery
128,270,8,4.63,0.33,0.74,Diarrhea
85,519,10,9.63,0.2,14.97,Diarrhea
1546,310,58,7.24,0.18,12.59,Dysentery
54,731,22,2.31,0.51,26.44,Typhoid
134,1787,13,92.38,0.22,9.09,HepatitisA
128,782,29,65.73,0.39,4.68,HepatitisA
17,4255,35,9.43,0.61,28.4,Typhoid
880,883,94,3.14,0.0,18.12,Dysentery
268,528,56,9.57,0.08,13.57,Dysentery
1123,908,79,4.12,0.04,3.21,Dysentery
180,1642,2,3.33,0.03,11.04,Diarrhea
185,4547,13,30.55,0.37,3.19,HepatitisA
71,628,15,55.74,0.39,6.79,HepatitisA
718,7696,0,33.14,0.01,19.56,Cholera
53,4625,1,96.6,0.15,8.77,HepatitisA
12,2441,49,4.5,0.29,18.69,Typhoid
303,115,4,13.38,0.02,8.8,Diarrhea
437,1218,9,17.46,0.12,11.77,Diarrhea
1083,3332,7,37.18,0.08,7.93,Cholera
139,1022,17,28.9,0.13,18.48,HepatitisA
1233,1767,56,12.85,0.07,12.51,Dysentery
142,249,2,15.93,0.47,5.22,Diarrhea
872,6112,7,38.34,0.13,10.73,Cholera
180,821,8,10.79,0.48,14.32,Diarrhea
119,4779,32,5.18,0.57,15.46,Typhoid
110,535,6,5.16,0.27,7.37,Diarrhea
456,539,14,18.23,0.07,6.81,Diarrhea
138,1441,27,5.92,0.41,29.95,Typhoid
823,1862,31,8.2,0.2,4.44,Dysentery
186,1824,26,28.35,0.47,18.51,HepatitisA
67,4249,48,2.61,0.36,29.76,Typhoid
363,1186,9,7.34,0.34,13.97,Diarrhea
145,2183,23,71.35,0.06,6.15,HepatitisA
114,2527,22,3.44,0.48,12.87,Typhoid
173,866,84,6.23,0.07,10.44,Dysentery
7,4589,23,67.25,0.46,9.81,HepatitisA
50,4998,20,64.47,0.42,14.12,HepatitisA
1881,5088,13,27.97,0.16,7.39,Cholera
88,3586,41,7.2,0.31,12.88,Typhoid
335,961,4,3.37,0.28,3.07,Diarrhea
215,1122,52,10.8,0.02,0.05,Dysentery
61,2501,49,5.69,0.74,21.48,Typhoid
46,2812,43,6.55,0.5,10.5,Typhoid
497,310,7,18.88,0.44,4.55,Diarrhea
516,1592,95,3.07,0.17,2.82,Dysentery
1182,5839,14,31.93,0.11,1.78,Cholera
154,2216,14,47.85,0.41,8.88,HepatitisA
901,667,77,11.46,0.25,14.92,Dysentery
127,1381,72,5.68,0.14,1.69,Dysentery
51,1585,45,7.11,0.71,28.03,Typhoid
185,851,7,15.65,0.48,8.29,HepatitisA
41,3638,25,7.12,0.3,17.64,Typhoid
134,1354,12,3.21,0.08,12.36,Diarrhea
660,2524,13,31.06,0.15,17.1,Cholera
94,2259,41,3.04,0.71,12.32,Typhoid
1051,4537,16,19.85,0.08,11.26,Cholera
973,1776,20,2.14,0.06,10.8,Dysentery
23,895,29,7.99,0.34,23.15,Typhoid
1211,2601,17,13.32,0.01,4.37,Cholera
1202,717,72,2.35,0.28,9.01,Dysentery
1046,2001,12,18.8,0.14,11.59,Cholera
434,3219,0,36.16,0.07,0.66,Cholera
1426,1131,20,4.12,0.05,3.41,Dysentery
544,1002,99,9.49,0.11,5.62,Dysentery
177,2333,23,40.29,0.1,10.77,HepatitisA
463,1886,0,16.49,0.37,14.19,Diarrhea
123,846,7,55.14,0.4,16.68,HepatitisA
1440,4332,1,5.8,0.05,12.39,Cholera
181,1946,10,41.36,0.15,8.95,HepatitisA
126,4564,18,1.56,0.58,27.48,Typhoid
165,1596,0,7.83,0.35,5.48,Diarrhea
1239,1296,82,14.74,0.24,13.35,Dysentery
49,2469,47,4.31,0.34,13.2,Typhoid
339,1181,12,15.45,0.24,1.66,Diarrhea
151,1878,28,97.98,0.07,2.73,HepatitisA
1793,997,48,5.31,0.09,7.51,Dysentery
118,710,12,16.66,0.06,2.78,Diarrhea
1794,627,27,9.31,0.17,3.99,Dysentery
56,253,33,2.4,0.77,13.28,Typhoid
127,1808,13,15.08,0.34,13.86,Diarrhea
79,3562,38,6.75,0.72,27.45,Typhoid
604,5333,14,44.38,0.09,19.02,Cholera
295,1943,7,16.29,0.49,2.08,Diarrhea
1525,3434,13,44.15,0.0,9.16,Cholera
250,1575,11,17.71,0.06,6.07,Diarrhea
52,4494,12,1.25,0.39,27.55,Typhoid
143,247,18,27.89,0.22,16.24,HepatitisA
97,2344,11,54.65,0.06,9.3,HepatitisA
1445,2650,2,5.36,0.16,17.61,Cholera
52,2054,35,9.5,0.29,22.23,Typhoid
1912,747,35,8.15,0.04,5.69,Dysentery
650,5813,18,20.93,0.01,4.27,Cholera
1923,801,28,14.47,0.28,18.2,Dysentery
1027,1780,58,7.59,0.04,8.83,Dysentery
88,1714,9,12.02,0.16,7.1,Diarrhea
31,2416,5,30.45,0.11,11.9,HepatitisA
38,2917,16,9.05,0.69,28.1,Typhoid
71,3479,32,1.86,0.36,29.24,Typhoid
264,940,10,19.12,0.13,2.52,Diarrhea
285,1849,10,17.44,0.35,2.32,Diarrhea
1791,908,24,8.56,0.16,8.75,Dysentery
1545,6310,3,12.16,0.08,8.4,Cholera
1312,9405,17,36.13,0.1,7.21,Cholera
335,1342,13,13.12,0.34,9.06,Diarrhea
140,1129,33,2.12,0.1,4.03,Dysentery
34,650,31,4.25,0.72,10.8,Typhoid
811,1422,33,7.71,0.24,6.82,Dysentery
1216,9346,3,46.96,0.01,10.81,Cholera
1926,400,37,10.79,0.09,14.7,Dysentery
94,1709,41,5.88,0.22,18.64,Typhoid
51,2185,27,8.9,0.37,12.74,Typhoid
1234,5249,7,22.31,0.16,13.27,Cholera
518,1693,93,7.12,0.05,15.65,Dysentery
844,388,81,6.53,0.03,12.89,Dysentery
426,1874,4,6.28,0.44,6.75,Diarrhea
434,792,14,11.29,0.29,0.13,Diarrhea
75,4578,12,12.56,0.05,17.64,HepatitisA
58,1630,27,56.47,0.04,16.34,HepatitisA
761,6467,0,12.87,0.13,13.62,Cholera
1416,1556,0,26.31,0.13,5.58,Cholera
1458,1163,36,4.42,0.03,14.04,Dysentery
89,4820,14,5.83,0.54,18.66,Typhoid
150,2503,6,58.93,0.3,18.99,HepatitisA
104,585,8,16.85,0.34,7.8,Diarrhea
93,2858,37,7.63,0.36,27.49,Typhoid
29,3595,24,4.91,0.6,24.14,Typhoid
458,261,1,18.26,0.3,5.2,Diarrhea
1154,1983,42,7.39,0.19,14.96,Dysentery
134,1043,15,37.03,0.28,12.22,HepatitisA
57,3175,39,2.62,0.69,21.71,Typhoid
274,1211,12,14.2,0.1,4.25,Diarrhea
206,123,8,17.44,0.33,14.96,Diarrhea
382,1660,12,19.27,0.2,10.49,Diarrhea
618,3969,16,30.27,0.13,2.55,Cholera
1135,1080,62,2.6,0.16,18.59,Dysentery
481,1933,56,6.36,0.13,2.13,Dysentery
1816,5143,3,50.0,0.17,16.57,Cholera
32,3273,16,78.69,0.01,16.56,HepatitisA
91,4793,15,2.29,0.73,17.37,Typhoid
6,4313,29,44.57,0.33,19.64,HepatitisA
1588,879,30,8.51,0.27,3.29,Dysentery
18,947,14,3.84,0.55,25.52,Typhoid
398,3680,6,18.91,0.14,12.73,Cholera
1,2882,29,79.51,0.03,0.5,HepatitisA
44,4594,39,7.52,0.4,29.56,Typhoid
343,1182,52,12.67,0.07,18.71,Dysentery
512,1476,98,8.36,0.07,0.89,Dysentery
151,3940,23,98.52,0.48,15.63,HepatitisA
1397,1259,9,29.88,0.05,10.02,Cholera
96,1520,7,7.95,0.22,3.29,Diarrhea
444,1955,2,10.09,0.31,2.03,Diarrhea
71,3367,17,99.03,0.22,1.48,HepatitisA
511,1941,36,14.11,0.25,5.14,Dysentery
1715,4241,12,37.08,0.04,1.42,Cholera
1174,2155,6,44.1,0.14,12.55,Cholera
371,428,11,12.44,0.3,13.52,Diarrhea
198,1731,14,36.12,0.01,11.39,Cholera
133,1210,1,3.94,0.38,7.8,Diarrhea
157,1451,2,61.71,0.24,18.6,HepatitisA
166,357,23,32.52,0.23,9.27,HepatitisA
124,786,11,8.78,0.35,19.23,Typhoid
103,3154,17,9.5,0.53,11.41,Typhoid
488,658,6,6.49,0.02,13.44,Diarrhea
1087,6540,6,48.35,0.12,12.61,Cholera
142,4853,45,3.88,0.77,27.9,Typhoid
439,142,12,15.41,0.13,11.34,Diarrhea
431,1605,10,12.92,0.32,14.9,Diarrhea
146,2755,0,23.73,0.37,12.09,HepatitisA
325,684,86,5.14,0.06,2.24,Dysentery
96,3217,38,2.09,0.48,14.1,Typhoid
476,1436,2,3.46,0.28,12.06,Diarrhea
1093,6375,8,17.74,0.14,7.49,Cholera
158,9083,18,11.55,0.01,0.65,Cholera
445,5744,16,31.64,0.03,14.49,Cholera
346,553,7,8.81,0.16,8.76,Diarrhea
32,2123,46,2.72,0.23,16.48,Typhoid
1929,1447,83,11.38,0.23,17.09,Dysentery
202,1456,8,18.38,0.46,10.87,Diarrhea
53,2503,17,6.39,0.51,28.09,Typhoid
608,3175,0,35.92,0.01,1.2,Cholera
184,495,10,5.0,0.36,12.38,Diarrhea
13,1416,35,7.18,0.34,11.57,Typhoid
1530,5244,7,35.81,0.16,1.07,Cholera
442,7844,0,20.42,0.17,13.84,Cholera
70,4098,18,6.6,0.37,20.45,Typhoid
80,4367,25,75.02,0.01,17.04,HepatitisA
88,3413,10,46.66,0.15,4.98,HepatitisA
1995,926,87,4.22,0.29,18.92,Dysentery
242,361,0,19.43,0.32,7.36,Diarrhea
131,4535,42,5.44,0.32,17.18,Typhoid
84,597,9,3.96,0.28,10.75,Diarrhea
79,3848,44,9.27,0.47,25.18,Typhoid
172,401,16,99.34,0.33,2.22,HepatitisA
127,3977,6,79.24,0.46,3.17,HepatitisA
255,1403,11,13.97,0.38,4.02,Diarrhea
424,378,13,17.57,0.09,1.02,Diarrhea
677,1255,38,5.85,0.15,11.0,Dysentery
200,1725,10,4.63,0.31,5.1,Diarrhea
284,632,10,14.45,0.22,9.92,Diarrhea
855,3517,1,34.64,0.07,11.84,Cholera
676,9373,3,10.74,0.12,10.91,Cholera
1363,905,11,40.11,0.07,11.18,Cholera
1733,9996,12,22.59,0.13,18.84,Cholera
748,9258,2,38.6,0.15,9.24,Cholera
170,979,16,51.09,0.41,17.44,HepatitisA
175,431,13,12.58,0.19,3.25,Diarrhea
79,948,29,5.11,0.49,22.01,Typhoid
1822,928,62,13.7,0.16,4.67,Dysentery
114,424,21,75.01,0.46,16.27,HepatitisA
123,1756,11,7.66,0.33,27.92,Typhoid
53,2773,30,9.48,0.23,13.84,Typhoid
243,6327,16,30.77,0.07,12.02,Cholera
233,1549,13,18.69,0.25,4.68,Diarrhea
360,7365,18,13.5,0.04,7.64,Cholera
489,1622,14,12.4,0.07,14.87,Diarrhea
1748,782,77,10.43,0.06,15.38,Dysentery
364,395,1,13.78,0.0,4.37,Diarrhea
103,305,38,5.01,0.38,23.74,Typhoid
122,2176,15,5.94,0.58,17.42,Typhoid
870,861,61,3.32,0.24,18.67,Dysentery
266,7790,9,25.56,0.13,16.88,Cholera
200,1360,17,13.19,0.01,13.17,Cholera
1490,486,67,4.89,0.03,6.97,Dysentery
106,479,21,64.33,0.25,4.37,HepatitisA
190,3046,22,29.86,0.11,6.01,HepatitisA
1988,385,46,10.49,0.18,19.6,Dysentery
142,131,0,10.5,0.38,10.64,Diarrhea
96,2346,45,7.01,0.39,14.63,Typhoid
160,4201,17,19.2,0.26,10.32,HepatitisA
55,895,42,4.71,0.35,18.28,Typhoid
135,2124,21,8.1,0.43,19.45,Typhoid
1576,1592,58,2.94,0.22,7.08,Dysentery
15,1711,12,1.6,0.25,19.52,Typhoid
1719,7021,9,38.57,0.1,0.38,Cholera
62,1424,15,35.6,0.19,0.51,HepatitisA
183,3074,5,47.28,0.15,16.3,Cholera
66,620,28,68.25,0.34,8.24,HepatitisA
397,1423,8,13.66,0.11,1.43,Diarrhea
140,4285,8,37.2,0.33,18.55,HepatitisA
10,208,10,79.75,0.08,1.18,HepatitisA
238,841,2,12.08,0.34,3.0,Diarrhea
895,2445,1,24.82,0.12,19.14,Cholera
103,924,19,17.44,0.14,6.5,Cholera
178,1214,24,80.87,0.34,17.54,HepatitisA
352,5263,4,48.13,0.01,12.73,Cholera
431,1000,7,17.42,0.2,11.93,Diarrhea
798,6020,17,43.36,0.14,2.46,Cholera
1234,974,95,6.28,0.28,18.16,Dysentery
128,834,18,7.82,0.56,27.08,Typhoid
733,546,76,7.85,0.27,16.02,Dysentery
127,3807,29,9.98,0.61,28.5,Typhoid
273,7577,11,36.23,0.12,15.87,Cholera
485,1105,6,17.61,0.17,2.97,Diarrhea
105,3877,41,2.29,0.65,17.28,Typhoid
922,687,1,40.3,0.03,7.03,Cholera
108,1539,8,16.29,0.2,0.93,Diarrhea
228,1404,99,7.33,0.26,0.27,Dysentery
135,3177,19,99.83,0.4,15.74,HepatitisA
564,1127,93,3.33,0.21,16.68,Dysentery
890,4229,17,15.93,0.05,9.26,Cholera
1193,7467,11,13.42,0.07,19.2,Cholera
152,2804,15,71.1,0.41,0.13,HepatitisA
184,3870,29,90.21,0.19,9.12,HepatitisA
9,2996,15,99.79,0.14,13.68,HepatitisA
197,1895,0,18.3,0.03,11.37,Diarrhea
1524,2287,13,46.18,0.13,1.84,Cholera
142,1359,25,29.22,0.48,15.83,HepatitisA
720,6243,10,15.01,0.08,0.73,Cholera
113,2776,25,80.2,0.14,12.3,HepatitisA
1141,1625,14,14.2,0.15,10.81,Cholera
50,3379,33,7.73,0.39,20.0,Typhoid
68,916,11,17.1,0.12,3.77,Diarrhea
1465,341,35,14.08,0.18,12.29,Dysentery
122,875,7,9.74,0.43,1.18,Diarrhea
177,3050,24,11.97,0.43,11.57,HepatitisA
156,1895,2,18.16,0.34,11.8,Diarrhea
144,3533,14,4.77,0.22,17.15,Typhoid
962,7228,3,16.12,0.03,12.45,Cholera
310,566,11,8.25,0.2,7.49,Diarrhea
1827,5296,10,23.43,0.02,18.6,Cholera
139,2750,19,71.13,0.0,18.97,HepatitisA
846,951,37,13.33,0.27,2.82,Dysentery
1460,926,74,8.64,0.16,1.93,Dysentery
114,3918,20,2.26,0.67,17.52,Typhoid
464,1546,0,18.17,0.04,8.05,Cholera
1416,8377,3,43.04,0.17,14.24,Cholera
61,3215,16,4.63,0.51,19.27,Typhoid
54,4132,35,6.3,0.37,10.1,Typhoid
1501,508,26,6.59,0.06,15.72,Dysentery
241,858,6,3.61,0.39,9.35,Diarrhea
16,1483,38,3.02,0.5,14.62,Typhoid
1089,7299,7,39.75,0.05,1.94,Cholera
338,1826,40,8.69,0.29,4.57,Dysentery
1361,1934,46,5.24,0.08,7.2,Dysentery
759,905,66,10.42,0.26,5.67,Dysentery
141,6391,12,46.21,0.08,1.4,Cholera
130,852,34,7.78,0.56,19.13,Typhoid
58,1282,41,8.67,0.5,23.88,Typhoid
1459,1670,38,6.03,0.13,5.3,Dysentery
122,1408,15,5.19,0.24,10.54,Typhoid
41,3756,40,4.64,0.75,29.84,Typhoid
121,4886,15,34.66,0.17,16.16,HepatitisA
24,4886,16,16.43,0.25,18.8,HepatitisA
151,3016,18,23.67,0.36,18.08,HepatitisA
53,1980,2,27.7,0.21,10.85,HepatitisA
23,1440,11,78.51,0.17,10.32,HepatitisA
19,2007,33,7.29,0.79,21.18,Typhoid
63,492,8,19.87,0.07,7.18,Diarrhea
380,1164,9,5.28,0.31,5.52,Diarrhea
1050,331,77,2.5,0.21,6.91,Dysentery
1592,1808,16,36.36,0.08,11.9,Cholera
1277,919,68,14.74,0.15,5.1,Dysentery
26,3892,4,77.92,0.24,8.77,HepatitisA
26,2631,19,5.13,0.41,10.72,Typhoid
984,1856,80,7.82,0.12,4.95,Dysentery
144,4924,1,53.68,0.29,9.25,HepatitisA
1654,1996,55,7.97,0.14,4.44,Dysentery
126,3939,39,4.33,0.42,18.94,Typhoid
606,1675,16,22.07,0.05,19.99,Cholera
832,775,27,10.14,0.25,4.88,Dysentery
137,4905,19,88.54,0.03,15.11,HepatitisA
160,4813,29,45.18,0.41,7.84,HepatitisA
145,3221,1,15.71,0.2,12.2,HepatitisA
1234,6495,1,30.62,0.14,11.19,Cholera
1147,2875,13,41.97,0.13,7.16,Cholera
70,1904,6,7.48,0.14,3.25,Diarrhea
16,1489,24,32.53,0.05,17.83,HepatitisA
134,371,13,1.42,0.59,23.69,Typhoid
121,3921,33,9.22,0.77,25.65,Typhoid
1966,1386,71,2.39,0.21,5.14,Dysentery
1441,6043,11,30.65,0.13,6.42,Cholera
89,2760,26,52.94,0.17,2.88,HepatitisA
293,1063,12,11.72,0.02,7.19,Diarrhea
769,1043,60,3.81,0.22,7.41,Dysentery
1448,2961,10,17.94,0.14,4.42,Cholera
277,8891,0,19.89,0.16,1.23,Cholera
144,1715,11,12.8,0.48,10.38,Diarrhea
1385,1848,16,17.09,0.08,15.01,Cholera
452,1916,8,11.2,0.19,18.38,Cholera
1969,2119,5,5.33,0.03,2.3,Cholera
1044,1372,14,16.33,0.07,14.22,Cholera
15,1937,5,39.17,0.12,12.68,HepatitisA
437,1246,51,6.07,0.06,11.63,Dysentery
345,1482,9,19.7,0.23,7.0,Diarrhea
405,510,8,13.93,0.42,0.58,Diarrhea
43,3624,32,6.63,0.51,26.37,Typhoid
1220,1032,20,10.14,0.17,10.04,Dysentery
1603,517,62,2.77,0.15,7.33,Dysentery
417,4266,8,38.3,0.01,12.31,Cholera
18,1381,11,9.08,0.79,18.48,Typhoid
1225,783,95,10.15,0.03,13.44,Dysentery
694,1189,80,10.41,0.22,3.35,Dysentery
149,2076,25,45.35,0.14,19.02,HepatitisA
196,1261,41,5.6,0.05,8.46,Dysentery
136,2332,48,4.62,0.35,11.87,Typhoid
932,1402,55,3.35,0.04,12.22,Dysentery
17,3151,47,1.15,0.69,29.88,Typhoid
771,3773,18,5.05,0.18,18.32,Cholera
346,1126,12,9.58,0.03,2.1,Diarrhea
65,1939,28,64.66,0.33,1.12,HepatitisA
358,281,10,5.86,0.3,5.73,Diarrhea
374,312,0,18.78,0.46,5.4,Diarrhea
1303,1364,59,8.27,0.05,0.53,Dysentery
130,4370,23,80.47,0.1,16.47,HepatitisA
885,2557,14,42.91,0.07,3.97,Cholera
1298,612,31,10.64,0.2,14.47,Dysentery
434,1025,10,18.16,0.25,7.09,Diarrhea
46,1855,44,3.8,0.25,12.91,Typhoid
36,4898,37,3.92,0.3,26.92,Typhoid
1131,1922,29,10.91,0.12,2.71,Dysentery
36,993,33,2.84,0.61,18.11,Typhoid
169,1977,77,12.24,0.27,15.13,Dysentery
470,784,0,6.45,0.46,9.83,Diarrhea
11,3269,48,6.75,0.58,15.6,Typhoid
110,1891,19,5.89,0.39,23.15,Typhoid
28,3152,49,3.94,0.21,23.86,Typhoid
331,658,12,5.82,0.09,11.55,Diarrhea
231,237,8,5.29,0.21,9.36,Diarrhea
56,3721,10,57.63,0.07,15.81,HepatitisA
853,937,24,5.37,0.23,7.96,Dysentery
32,4121,26,86.66,0.04,8.93,HepatitisA
1950,9748,8,45.24,0.1,13.37,Cholera
21,3951,26,19.57,0.17,5.43,HepatitisA
95,904,41,4.24,0.66,13.34,Typhoid
587,6904,1,35.33,0.09,5.47,Cholera
100,488,14,13.3,0.11,2.62,Diarrhea
1069,7559,6,21.24,0.03,7.88,Cholera
42,2406,34,8.06,0.27,22.0,Typhoid
491,2875,3,19.39,0.14,15.78,Cholera
44,1338,36,1.65,0.29,28.93,Typhoid
1270,5671,12,8.27,0.02,6.61,Cholera
128,2047,5,29.76,0.21,18.64,HepatitisA
167,542,6,17.45,0.04,11.77,Diarrhea
118,1651,13,9.7,0.21,3.32,Diarrhea
607,1286,62,2.63,0.21,18.42,Dysentery
77,2710,11,18.69,0.33,15.42,HepatitisA
1960,852,1,23.23,0.13,10.27,Cholera
227,1549,12,11.03,0.22,1.31,Diarrhea
138,1869,20,1.96,0.39,21.83,Typhoid
844,1798,53,9.22,0.25,2.95,Dysentery
292,1909,14,12.92,0.36,3.25,Diarrhea
919,3229,1,39.11,0.0,8.92,Cholera
41,678,23,60.49,0.2,6.23,HepatitisA
60,3125,18,7.66,0.58,29.53,Typhoid
1844,901,31,8.97,0.23,9.48,Dysentery
224,1687,50,10.5,0.09,7.7,Dysentery
108,3581,5,16.21,0.03,16.76,HepatitisA
174,2734,20,82.94,0.24,2.75,HepatitisA
136,1478,12,4.4,0.38,22.77,Typhoid
89,4660,32,9.59,0.44,15.86,Typhoid
1840,4609,2,42.87,0.07,4.16,Cholera
1250,1386,80,7.21,0.27,18.75,Dysentery
585,5604,7,39.42,0.1,1.36,Cholera
351,1128,61,12.08,0.15,14.68,Dysentery
96,406,12,4.48,0.68,22.58,Typhoid
111,3548,15,2.68,0.73,13.95,Typhoid
1136,1318,12,36.55,0.06,13.28,Cholera
27,608,14,2.98,0.69,28.71,Typhoid
70,1080,14,6.36,0.37,0.65,Diarrhea
147,496,18,71.77,0.08,0.24,HepatitisA
51,2318,48,5.37,0.31,25.22,Typhoid
330,1709,74,3.78,0.01,2.1,Dysentery
1789,1463,45,13.12,0.27,12.65,Dysentery
151,1644,6,16.56,0.11,10.68,Diarrhea
42,667,15,6.97,0.21,25.16,Typhoid
139,3950,45,3.99,0.32,21.85,Typhoid
224,1552,11,5.25,0.11,7.32,Diarrhea
1193,1906,56,9.71,0.15,15.31,Dysentery
321,794,4,4.11,0.22,9.07,Diarrhea
56,3855,41,3.14,0.21,22.02,Typhoid
300,1343,1,3.86,0.2,6.45,Diarrhea
31,4261,28,15.39,0.08,15.72,HepatitisA
77,4281,20,6.0,0.22,22.76,Typhoid
125,1210,29,6.91,0.5,10.62,Typhoid
50,1704,2,21.04,0.13,8.22,HepatitisA
639,5885,2,27.09,0.05,0.98,Cholera
933,119,60,13.92,0.17,1.18,Dysentery
1465,1115,92,8.93,0.11,0.88,Dysentery
326,1700,7,15.93,0.39,5.86,Diarrhea
1355,6811,5,6.42,0.08,13.58,Cholera
31,1288,26,1.57,0.54,23.83,Typhoid
112,1556,39,2.66,0.45,11.34,Typhoid
382,1320,4,19.68,0.27,5.0,Diarrhea
85,3089,49,2.73,0.66,25.83,Typhoid
147,2642,5,94.9,0.05,2.35,HepatitisA
1286,143,65,8.09,0.26,14.18,Dysentery
70,1721,1,18.58,0.08,8.68,Diarrhea
767,1553,73,3.96,0.12,4.03,Dysentery
136,3403,23,4.89,0.27,29.78,Typhoid
36,4227,15,50.53,0.38,4.74,HepatitisA
345,1282,5,17.09,0.29,8.15,Diarrhea
950,590,20,12.83,0.12,0.7,Dysentery
396,5354,11,49.51,0.07,9.27,Cholera
101,4528,3,65.46,0.47,14.7,HepatitisA
135,3967,18,25.49,0.29,12.35,HepatitisA
183,2945,14,11.0,0.29,13.26,HepatitisA
92,1103,1,22.44,0.15,10.09,HepatitisA
493,1393,12,10.1,0.33,7.26,Diarrhea
47,997,23,8.96,0.55,28.21,Typhoid
11,249,0,96.82,0.06,7.98,HepatitisA
66,1228,46,3.61,0.22,22.74,Typhoid
151,2744,24,46.32,0.19,1.28,HepatitisA
77,1617,39,6.44,0.31,16.07,Typhoid
82,956,1,11.18,0.42,9.2,Diarrhea
95,1373,44,6.94,0.8,13.87,Typhoid
280,1013,8,10.64,0.26,5.19,Diarrhea
1,1871,22,18.25,0.31,2.43,HepatitisA
1527,7192,16,43.08,0.15,11.79,Cholera
237,1375,35,2.47,0.26,11.57,Dysentery
123,3078,45,2.63,0.66,19.91,Typhoid
175,4175,3,66.47,0.23,4.69,HepatitisA
195,1460,3,4.76,0.21,0.52,Diarrhea
108,1791,10,5.59,0.75,26.14,Typhoid
825,1887,98,9.51,0.27,1.05,Dysentery
153,4026,28,96.56,0.42,12.79,HepatitisA
738,1897,36,9.87,0.12,6.5,Dysentery
1552,1959,58,12.14,0.17,1.49,Dysentery
147,1204,14,8.49,0.13,6.36,Diarrhea
45,3628,31,3.45,0.74,23.81,Typhoid
1428,1872,15,37.67,0.1,15.02,Cholera
1626,7904,9,10.11,0.13,8.5,Cholera
27,802,15,45.22,0.13,8.09,HepatitisA
92,459,43,3.26,0.49,15.5,Typhoid
147,965,91,2.5,0.25,12.11,Dysentery
49,3004,16,2.65,0.46,14.83,Typhoid
1564,5131,15,8.55,0.04,7.17,Cholera
1480,6189,12,37.36,0.02,19.11,Cholera
129,1964,19,6.17,0.39,19.28,Typhoid
1829,692,44,9.8,0.0,5.62,Dysentery
989,1946,33,10.2,0.2,7.61,Dysentery
109,4599,3,31.28,0.42,3.15,HepatitisA
72,2877,3,93.06,0.14,10.48,HepatitisA
607,1766,75,2.35,0.24,9.57,Dysentery
478,704,11,12.22,0.3,7.85,Diarrhea
447,1772,2,6.72,0.08,14.67,Diarrhea
139,1121,12,42.13,0.35,9.06,HepatitisA
1971,2574,9,43.92,0.11,7.48,Cholera
1337,1385,30,8.58,0.21,7.8,Dysentery
1070,3119,7,12.69,0.01,6.9,Cholera
73,332,39,6.14,0.35,11.98,Typhoid
953,1115,41,8.75,0.05,13.84,Dysentery
161,3901,11,47.58,0.05,17.95,Cholera
322,8627,15,12.34,0.14,16.35,Cholera
917,1337,34,10.99,0.15,13.61,Dysentery
1759,827,43,6.55,0.15,2.16,Dysentery
118,1053,38,8.8,0.22,17.05,Typhoid
28,1768,39,4.22,0.61,17.76,Typhoid
278,653,6,21.96,0.18,0.88,Cholera
1821,1293,86,12.02,0.05,8.85,Dysentery
21,4969,12,7.08,0.6,12.43,Typhoid
444,908,6,19.26,0.2,1.67,Diarrhea
350,1442,3,9.14,0.23,13.22,Diarrhea
725,4784,3,26.9,0.18,16.62,Cholera
893,372,36,11.01,0.05,11.95,Dysentery
73,4649,27,98.73,0.18,9.41,HepatitisA
122,3717,46,4.15,0.76,15.66,Typhoid
1357,7425,17,27.88,0.16,15.79,Cholera
1077,1697,31,4.7,0.02,12.94,Dysentery
478,1780,89,11.46,0.22,15.83,Dysentery
65,4808,49,4.39,0.4,18.17,Typhoid
498,1500,7,10.83,0.3,14.78,Diarrhea
1044,1790,51,14.01,0.18,8.44,Dysentery
1421,5996,19,23.57,0.06,5.93,Cholera
492,183,0,19.69,0.43,11.35,Diarrhea
616,5829,9,12.25,0.19,12.52,Cholera
271,2011,9,33.47,0.04,1.28,Cholera
159,1133,7,25.57,0.19,1.63,HepatitisA
1322,743,45,5.67,0.22,7.48,Dysentery
164,981,14,17.47,0.31,12.61,Diarrhea
1332,4536,13,49.32,0.04,7.95,Cholera
1641,187,26,12.5,0.03,7.65,Dysentery
230,533,87,9.38,0.25,18.06,Dysentery
11,1553,12,5.31,0.43,10.66,Typhoid
129,924,0,25.24,0.1,12.55,HepatitisA
107,3332,1,21.09,0.33,19.25,HepatitisA
356,433,11,7.92,0.15,9.56,Diarrhea
264,638,12,18.24,0.33,14.77,Diarrhea
1180,430,34,8.41,0.25,19.11,Dysentery
115,746,9,6.85,0.1,9.7,Diarrhea
248,8518,17,9.58,0.05,11.36,Cholera
518,887,90,6.16,0.04,17.4,Dysentery
107,3958,20,37.36,0.26,13.55,HepatitisA
1027,436,81,6.22,0.04,8.98,Dysentery
124,715,13,16.79,0.14,5.68,Diarrhea
178,1550,4,43.08,0.32,5.67,HepatitisA
8,4858,14,71.94,0.02,8.82,HepatitisA
117,4320,26,3.19,0.7,16.17,Typhoid
1876,1047,20,11.71,0.1,16.93,Dysentery
108,1559,5,8.61,0.2,2.16,Diarrhea
702,566,11,13.11,0.06,18.13,Cholera
71,1267,26,87.86,0.15,12.42,HepatitisA
41,4359,38,7.57,0.27,10.1,Typhoid
188,1053,84,7.69,0.2,13.65,Dysentery
1375,3722,19,30.41,0.04,19.78,Cholera
307,920,9,17.45,0.13,4.63,Diarrhea
464,293,13,11.17,0.12,10.77,Diarrhea
22,2343,43,8.14,0.62,17.77,Typhoid
175,1465,14,3.76,0.45,6.95,Diarrhea
1683,1038,52,4.45,0.11,3.42,Dysentery
456,1067,7,19.62,0.3,4.65,Diarrhea
101,1129,15,7.88,0.64,27.02,Typhoid
824,1582,32,9.81,0.25,12.71,Dysentery
15,3876,48,3.11,0.48,16.88,Typhoid
193,1220,3,60.11,0.01,15.32,HepatitisA
187,723,2,6.6,0.47,10.76,Diarrhea
235,432,8,12.58,0.48,9.8,Diarrhea
207,369,94,13.95,0.05,14.97,Dysentery
489,928,2,14.11,0.2,6.72,Diarrhea
93,4532,40,1.68,0.56,10.73,Typhoid
1638,8301,5,33.55,0.11,3.47,Cholera
143,923,31,3.5,0.32,17.21,Typhoid
10,1500,12,40.34,0.12,10.0,HepatitisA
1469,570,2,30.18,0.02,6.95,Cholera
1081,5347,16,20.71,0.18,18.33,Cholera
115,4745,25,3.14,0.45,14.9,Typhoid
249,1708,50,5.37,0.0,7.35,Dysentery
98,1527,1,19.66,0.31,1.16,HepatitisA
331,1208,49,2.57,0.04,14.05,Dysentery
969,8775,13,22.82,0.05,10.5,Cholera
68,3526,3,34.74,0.1,7.37,HepatitisA
1367,1694,3,31.03,0.02,9.38,Cholera
123,3985,5,29.09,0.13,14.32,HepatitisA
68,1985,17,1.68,0.52,11.41,Typhoid
917,1920,47,11.19,0.18,19.05,Dysentery
1661,3248,17,24.22,0.13,6.96,Cholera
45,1350,14,3.97,0.62,23.91,Typhoid
16,3676,27,7.01,0.67,22.32,Typhoid
164,1155,13,32.51,0.39,1.42,HepatitisA
62,893,4,7.46,0.16,5.23,Diarrhea
1005,1843,16,35.71,0.02,2.2,Cholera
123,1922,11,2.8,0.65,17.71,Typhoid
13,348,12,4.9,0.22,22.05,Typhoid
82,374,18,7.82,0.5,25.29,Typhoid
348,750,5,15.98,0.41,12.43,Diarrhea
135,1841,1,12.17,0.41,2.2,Diarrhea
293,909,14,5.49,0.24,0.95,Diarrhea
464,1315,10,18.48,0.36,9.22,Diarrhea
435,1497,9,15.45,0.27,13.78,Diarrhea
146,1790,17,10.57,0.17,18.11,HepatitisA
38,4887,16,87.74,0.13,4.22,HepatitisA
1103,959,71,8.42,0.09,11.78,Dysentery
12,4765,0,17.24,0.18,18.24,HepatitisA
518,6924,6,20.64,0.07,14.02,Cholera
272,597,4,18.17,0.08,10.87,Diarrhea
36,3921,33,7.34,0.2,24.27,Typhoid
176,938,9,17.28,0.35,9.61,Diarrhea
90,329,12,8.92,0.79,16.15,Typhoid
188,2137,14,14.76,0.15,3.13,Cholera
42,2802,49,9.6,0.22,25.44,Typhoid
387,922,0,13.45,0.46,3.68,Diarrhea
58,487,4,5.01,0.38,9.92,Diarrhea
446,375,4,3.52,0.45,6.55,Diarrhea
100,1161,13,9.42,0.04,4.18,Diarrhea
61,2624,18,55.01,0.36,0.28,HepatitisA
1617,881,51,3.7,0.11,3.59,Dysentery
1695,1426,82,13.12,0.21,16.52,Dysentery
80,592,6,5.9,0.33,4.57,Diarrhea
91,4036,38,3.3,0.78,19.56,Typhoid
928,3165,10,21.61,0.05,1.6,Cholera
339,421,90,6.79,0.11,16.63,Dysentery
1649,5971,19,29.55,0.1,13.84,Cholera
362,879,14,7.82,0.24,2.44,Diarrhea
71,852,10,8.26,0.38,17.82,Typhoid
145,479,45,2.99,0.2,29.81,Typhoid
299,1736,5,7.8,0.07,0.14,Diarrhea
1191,2175,3,6.5,0.14,9.63,Cholera
1464,7587,18,12.35,0.15,11.86,Cholera
55,3520,35,9.87,0.33,13.73,Typhoid
1964,646,13,28.37,0.11,18.73,Cholera
98,1573,13,7.98,0.26,15.88,Typhoid
1892,657,31,14.48,0.09,4.5,Dysentery
1158,250,73,10.21,0.03,14.28,Dysentery
1325,704,46,7.25,0.15,8.45,Dysentery
148,1159,4,15.03,0.08,2.1,Diarrhea
191,3048,21,96.48,0.27,6.31,HepatitisA
107,1366,10,2.24,0.42,21.31,Typhoid
307,515,7,11.85,0.3,3.66,Diarrhea
1798,1074,83,10.36,0.27,15.83,Dysentery
90,2136,18,1.35,0.22,10.93,Typhoid
67,1213,35,7.55,0.7,11.96,Typhoid
313,1116,7,8.62,0.07,6.28,Diarrhea
479,515,9,9.06,0.02,4.12,Diarrhea
1057,8594,7,5.48,0.05,7.51,Cholera
246,164,3,16.21,0.03,0.14,Diarrhea
330,715,8,15.98,0.39,9.79,Diarrhea
79,3046,43,2.26,0.46,19.1,Typhoid
215,9500,18,24.58,0.13,4.53,Cholera
367,356,4,5.11,0.08,2.21,Diarrhea
20,3715,35,8.83,0.69,26.35,Typhoid
164,1323,24,80.18,0.06,8.64,HepatitisA
183,2782,0,61.03,0.13,9.83,HepatitisA
235,1074,11,41.33,0.01,7.38,Cholera
139,1681,6,7.85,0.21,12.92,Diarrhea
1738,3479,16,40.92,0.08,0.78,Cholera
92,2451,49,3.12,0.5,27.75,Typhoid
174,1799,9,37.6,0.24,4.79,HepatitisA
170,3827,9,68.45,0.47,7.45,HepatitisA
1037,811,58,7.81,0.26,18.81,Dysentery
13,4876,0,99.09,0.15,6.89,HepatitisA
38,4059,14,38.98,0.11,8.68,HepatitisA
142,580,10,80.77,0.46,18.87,HepatitisA
885,618,28,10.45,0.1,0.8,Dysentery
147,4354,29,98.35,0.45,3.82,HepatitisA
110,490,43,9.98,0.5,22.31,Typhoid
789,854,2,39.2,0.15,14.94,Cholera
412,785,9,7.94,0.15,13.66,Diarrhea
1671,1285,90,7.27,0.27,10.48,Dysentery
1733,748,21,9.04,0.19,4.69,Dysentery
1375,1389,19,11.06,0.16,8.61,Cholera
129,1107,33,8.68,0.34,27.63,Typhoid
86,2228,37,5.78,0.38,24.88,Typhoid
1635,1548,37,13.85,0.07,8.53,Dysentery
577,5831,12,39.34,0.07,16.24,Cholera
80,411,11,7.56,0.28,16.74,Typhoid
345,1341,48,11.91,0.07,12.87,Dysentery
1279,4619,2,28.84,0.12,0.92,Cholera
73,4652,12,27.93,0.27,11.47,HepatitisA
461,1029,3,19.76,0.1,13.35,Diarrhea
164,1017,9,12.92,0.14,1.98,Diarrhea
48,4368,23,83.65,0.13,18.73,HepatitisA
749,1930,24,6.89,0.25,11.34,Dysentery
252,1515,4,6.15,0.1,5.79,Diarrhea
111,3601,26,5.27,0.71,19.22,Typhoid
44,3882,18,32.45,0.38,19.74,HepatitisA
264,404,3,18.64,0.01,11.14,Diarrhea
434,720,23,2.42,0.26,12.82,Dysentery
182,544,1,17.62,0.17,6.64,Diarrhea
177,4911,15,63.27,0.03,2.46,HepatitisA
970,2559,5,40.95,0.13,11.18,Cholera
106,4495,43,6.12,0.26,17.34,Typhoid
247,1309,10,16.27,0.34,2.11,Diarrhea
448,1937,14,17.28,0.23,0.61,Diarrhea
228,729,72,8.23,0.1,17.95,Dysentery
89,473,41,3.95,0.45,27.33,Typhoid
54,1319,38,7.39,0.5,23.57,Typhoid
1683,9000,0,18.09,0.1,17.12,Cholera
101,2309,16,4.24,0.53,19.62,Typhoid
146,1142,46,4.64,0.73,20.24,Typhoid
21,3937,1,82.43,0.09,8.42,HepatitisA
727,1157,58,7.93,0.06,16.43,Dysentery
370,7217,14,27.05,0.03,13.53,Cholera
391,168,11,7.5,0.19,1.98,Diarrhea
106,2143,41,2.7,0.35,25.97,Typhoid
111,2185,47,2.67,0.32,27.54,Typhoid
245,167,14,15.38,0.31,3.99,Diarrhea
106,1681,69,5.08,0.01,7.09,Dysentery
98,656,33,6.56,0.53,27.21,Typhoid
122,1141,28,9.12,0.73,29.63,Typhoid
43,4543,26,37.78,0.07,1.64,HepatitisA
72,4297,27,54.41,0.24,1.39,HepatitisA
107,3752,44,4.35,0.29,11.58,Typhoid
25,4607,42,3.06,0.29,28.88,Typhoid
100,1152,10,12.19,0.2,3.51,Diarrhea
117,1239,26,18.47,0.2,13.63,HepatitisA
108,1078,0,8.3,0.2,9.98,Diarrhea
42,2352,42,9.92,0.72,15.85,Typhoid
1380,9331,10,7.64,0.17,18.68,Cholera
50,1849,6,34.78,0.39,0.11,HepatitisA
113,3731,10,9.75,0.63,29.11,Typhoid
113,1065,18,4.84,0.26,25.47,Typhoid
1490,6245,15,8.11,0.17,0.29,Cholera
766,974,78,10.44,0.29,16.52,Dysentery
39,1974,4,74.21,0.2,9.6,HepatitisA
268,223,9,13.39,0.24,12.97,Diarrhea
1665,1395,41,10.89,0.07,6.57,Dysentery
404,356,13,16.89,0.44,9.08,Diarrhea
156,221,12,16.77,0.23,1.64,Diarrhea
158,519,6,4.62,0.31,0.75,Diarrhea
74,4119,2,72.88,0.02,7.1,HepatitisA
1672,5769,3,20.94,0.12,8.89,Cholera
275,949,6,16.61,0.16,3.08,Diarrhea
352,7222,15,43.15,0.03,16.49,Cholera
489,8584,10,48.28,0.08,19.33,Cholera
0,3845,1,78.14,0.25,1.01,HepatitisA
1070,1741,84,13.76,0.24,19.07,Dysentery
1498,1552,4,44.66,0.11,2.36,Cholera
80,3759,36,5.81,0.72,25.03,Typhoid
26,525,41,4.88,0.64,25.27,Typhoid
225,1240,10,8.56,0.0,4.69,Diarrhea
162,1136,12,8.59,0.22,2.41,Diarrhea
387,1848,12,7.45,0.25,6.08,Diarrhea
190,909,39,8.76,0.2,15.06,Dysentery
1176,783,72,3.08,0.28,2.1,Dysentery
173,816,89,4.17,0.12,2.23,Dysentery
1983,1848,5,16.04,0.1,7.93,Cholera
993,1101,21,7.83,0.01,8.82,Dysentery
100,1875,6,11.59,0.2,11.72,Diarrhea
80,2058,43,4.99,0.67,11.89,Typhoid
195,2500,17,27.35,0.06,4.63,HepatitisA
1874,4381,9,19.53,0.09,6.5,Cholera
325,419,1,10.61,0.2,7.25,Diarrhea
1061,3339,5,22.99,0.1,14.35,Cholera
147,1691,47,2.78,0.2,20.54,Typhoid
104,1615,23,5.27,0.59,27.24,Typhoid
1065,9424,2,5.48,0.13,1.86,Cholera
58,1392,47,5.46,0.6,18.36,Typhoid
122,1088,6,3.57,0.07,5.34,Diarrhea
82,4854,15,58.78,0.09,7.49,HepatitisA
1660,8916,15,39.65,0.09,0.57,Cholera
123,1299,39,2.44,0.67,24.19,Typhoid
308,507,82,10.47,0.1,10.04,Dysentery
91,2361,38,8.41,0.45,10.2,Typhoid
1192,1432,36,5.99,0.1,11.5,Dysentery
1292,822,95,7.87,0.27,10.03,Dysentery
789,1075,76,9.88,0.28,15.87,Dysentery
1752,269,42,12.88,0.01,0.21,Dysentery
407,809,11,17.41,0.14,8.37,Diarrhea
1940,731,20,4.36,0.14,18.48,Dysentery
158,1098,16,84.76,0.47,3.34,HepatitisA
1977,5792,6,20.48,0.17,4.47,Cholera
69,3641,9,22.4,0.22,12.94,HepatitisA
872,1839,53,7.24,0.23,6.86,Dysentery
369,1127,12,12.4,0.4,10.58,Diarrhea
525,4324,6,14.34,0.04,15.05,Cholera
825,1470,72,12.1,0.05,17.47,Dysentery
63,405,5,43.51,0.2,17.68,HepatitisA
264,1514,7,18.73,0.1,13.64,Diarrhea
895,5363,1,29.2,0.04,4.14,Cholera
63,2255,14,4.03,0.44,16.73,Typhoid
75,4359,26,14.26,0.26,18.49,HepatitisA
1811,1324,62,9.03,0.12,14.45,Dysentery
854,463,79,2.46,0.1,12.4,Dysentery
445,1033,7,5.07,0.45,4.25,Diarrhea
67,1175,29,5.12,0.44,26.68,Typhoid
557,1940,62,2.47,0.14,17.72,Dysentery
179,1577,21,74.58,0.48,12.98,HepatitisA
101,394,47,5.92,0.25,12.79,Typhoid
128,4308,2,27.0,0.36,18.32,HepatitisA
61,2084,5,28.71,0.33,12.18,HepatitisA
1540,250,99,9.47,0.14,5.22,Dysentery
1548,1759,72,9.75,0.28,11.96,Dysentery
157,3692,21,44.33,0.17,14.67,HepatitisA
736,862,95,8.69,0.04,16.99,Dysentery
1421,452,63,9.0,0.15,4.23,Dysentery
1015,7870,9,32.79,0.0,1.62,Cholera
83,780,41,9.77,0.36,19.86,Typhoid
1630,1797,44,3.59,0.13,16.04,Dysentery
54,4987,30,9.37,0.46,14.61,Typhoid
11,4927,28,12.97,0.14,17.45,HepatitisA
45,2447,29,48.72,0.2,1.4,HepatitisA
35,748,22,95.95,0.29,2.03,HepatitisA
60,548,38,2.06,0.25,12.2,Typhoid
16,3841,0,62.65,0.23,3.3,HepatitisA
85,2581,25,46.76,0.09,11.15,HepatitisA
30,1028,26,4.67,0.64,15.17,Typhoid
454,280,8,5.5,0.15,0.75,Diarrhea
150,1084,7,17.52,0.22,12.39,Diarrhea
139,3098,45,8.82,0.72,27.33,Typhoid
132,1946,35,1.55,0.47,19.46,Typhoid
1887,7354,0,34.15,0.05,3.9,Cholera
1222,1149,91,9.12,0.15,2.4,Dysentery
404,1718,53,8.65,0.27,17.29,Dysentery
127,4897,0,89.21,0.35,18.96,HepatitisA
764,4442,5,25.61,0.1,18.29,Cholera
1032,1058,61,5.17,0.21,4.47,Dysentery
27,1640,25,20.18,0.24,17.36,HepatitisA
499,1359,57,13.72,0.25,8.28,Dysentery
211,512,9,7.99,0.48,7.29,Diarrhea
135,2154,34,5.18,0.76,17.0,Typhoid
1924,700,49,12.38,0.03,2.85,Dysentery
1074,8627,18,43.18,0.17,5.27,Cholera
51,2966,10,3.0,0.51,17.02,Typhoid
1430,2108,15,19.45,0.08,10.33,Cholera
444,1151,12,19.17,0.37,4.33,Diarrhea
23,303,14,8.02,0.28,17.81,Typhoid
319,932,14,12.25,0.34,2.61,Diarrhea
1120,546,62,3.3,0.17,9.62,Dysentery
580,1630,98,4.44,0.18,15.05,Dysentery
95,4045,19,6.03,0.31,16.41,Typhoid
1674,801,54,8.07,0.05,3.18,Dysentery
130,3715,4,52.61,0.29,6.7,HepatitisA
1687,9785,7,47.82,0.18,7.51,Cholera
1179,930,27,7.55,0.13,2.73,Dysentery
88,4168,24,3.3,0.29,18.86,Typhoid
46,266,22,1.11,0.77,29.55,Typhoid
50,2640,12,87.04,0.2,15.24,HepatitisA
56,3169,30,9.95,0.59,24.19,Typhoid
37,1440,8,18.51,0.41,19.15,HepatitisA
119,637,11,18.62,0.02,2.51,Cholera
139,1633,11,74.49,0.33,13.25,HepatitisA
1274,2218,2,24.22,0.03,11.18,Cholera
192,1550,11,19.7,0.37,2.29,Diarrhea
258,397,4,18.32,0.28,13.27,Diarrhea
792,690,24,7.21,0.25,11.55,Dysentery
377,482,73,4.17,0.05,8.91,Dysentery
233,1387,10,16.5,0.19,1.52,Diarrhea
140,2216,37,6.99,0.31,25.19,Typhoid
161,1287,2,87.39,0.2,3.15,HepatitisA
1050,1270,2,22.68,0.07,17.62,Cholera
1559,1309,19,10.36,0.0,9.54,Cholera
570,1615,83,10.55,0.19,13.34,Dysentery
801,4893,13,33.4,0.12,0.13,Cholera
1322,7752,19,13.7,0.1,14.72,Cholera
69,832,7,15.24,0.12,14.07,Diarrhea
428,6128,17,29.27,0.01,19.36,Cholera
147,4104,4,72.69,0.31,3.71,HepatitisA
193,371,13,86.79,0.17,9.95,HepatitisA
41,1957,25,2.08,0.65,20.12,Typhoid
895,1069,69,3.87,0.05,7.92,Dysentery
154,3893,23,18.99,0.32,15.43,HepatitisA
219,164,13,9.69,0.03,0.9,Diarrhea
1037,1829,85,10.55,0.16,6.56,Dysentery
119,4808,21,34.03,0.19,9.26,HepatitisA
486,1495,11,12.91,0.32,14.32,Diarrhea
365,1922,16,35.61,0.05,3.05,Cholera
44,1800,1,60.53,0.27,16.35,HepatitisA
1055,5693,14,14.86,0.14,2.05,Cholera
1520,8398,0,46.01,0.07,7.42,Cholera
126,4620,32,4.13,0.2,18.2,Typhoid
24,3271,14,8.5,0.5,14.36,Typhoid
3,2106,27,50.04,0.47,18.66,HepatitisA
171,679,6,10.7,0.21,10.32,Diarrhea
122,1444,5,8.45,0.35,7.3,Diarrhea
476,289,0,6.1,0.37,0.57,Diarrhea
196,2970,23,36.66,0.42,17.92,HepatitisA
1320,5646,3,21.13,0.16,16.24,Cholera
575,2074,10,38.65,0.08,0.31,Cholera
610,4849,19,17.94,0.04,8.12,Cholera
829,8019,19,37.38,0.11,0.97,Cholera
510,4916,10,31.81,0.11,10.01,Cholera
112,1890,15,36.29,0.4,4.93,HepatitisA
186,1220,9,10.54,0.05,10.56,Diarrhea
1668,353,88,12.07,0.14,10.75,Dysentery
17,4151,49,8.35,0.43,22.85,Typhoid
922,838,88,13.65,0.11,9.39,Dysentery
58,333,38,1.01,0.47,15.68,Typhoid
104,2553,39,6.11,0.73,10.55,Typhoid
798,1962,47,4.25,0.11,1.88,Dysentery
135,1493,21,22.07,0.38,18.79,HepatitisA
103,3039,39,2.75,0.61,24.35,Typhoid
239,472,12,15.35,0.42,3.87,Diarrhea
852,1420,62,11.22,0.14,0.82,Dysentery
359,855,24,2.42,0.13,16.34,Dysentery
54,4629,47,1.98,0.71,14.96,Typhoid
129,2329,4,13.79,0.2,15.9,HepatitisA
827,1300,90,10.94,0.09,7.2,Dysentery
70,1711,28,7.36,0.76,14.91,Typhoid
1703,8895,10,37.92,0.14,16.97,Cholera
22,2641,21,13.8,0.25,8.25,HepatitisA
161,493,1,17.5,0.33,0.7,Diarrhea
1506,1432,34,12.4,0.13,19.73,Dysentery
99,4307,27,5.46,0.44,20.48,Typhoid
39,4866,26,2.1,0.45,28.11,Typhoid
432,635,2,16.81,0.0,2.9,Cholera
103,3027,0,50.05,0.24,13.42,HepatitisA
842,339,74,10.24,0.13,5.29,Dysentery
369,312,5,19.51,0.0,11.44,Diarrhea
1768,7716,15,12.47,0.16,0.75,Cholera
35,1336,38,3.42,0.3,24.43,Typhoid
345,834,2,16.48,0.35,3.34,Diarrhea
11,2859,0,91.44,0.11,15.06,HepatitisA
1929,5932,12,31.32,0.06,11.29,Cholera
78,1252,3,8.73,0.04,14.43,Diarrhea
1050,255,48,6.93,0.08,6.47,Dysentery
90,3491,39,1.72,0.38,21.0,Typhoid
111,3984,13,4.2,0.23,13.37,Typhoid
973,1326,2,26.17,0.11,6.01,Cholera
86,3686,20,34.13,0.1,9.97,HepatitisA
141,2180,3,53.27,0.18,12.19,HepatitisA
161,3752,25,98.24,0.26,15.03,HepatitisA
196,4509,15,63.28,0.04,16.42,HepatitisA
380,1395,95,9.06,0.0,12.9,Dysentery
384,9381,9,18.57,0.09,14.15,Cholera
1970,6560,0,46.23,0.16,6.59,Cholera
68,2401,20,6.04,0.33,11.15,Typhoid
124,4611,12,95.76,0.2,2.89,HepatitisA
127,1779,27,7.99,0.52,28.9,Typhoid
187,3697,7,76.35,0.41,5.04,HepatitisA
50,3921,10,4.91,0.27,23.36,Typhoid
409,1582,2,11.51,0.26,12.29,Diarrhea
727,1096,79,3.97,0.27,10.24,Dysentery
96,3840,32,8.77,0.49,26.14,Typhoid
103,3402,27,65.62,0.41,10.37,HepatitisA
30,3071,29,4.12,0.3,16.04,Typhoid
52,1106,3,19.77,0.37,10.37,Diarrhea
100,1485,32,2.95,0.4,19.65,Typhoid
10,2545,44,3.03,0.67,12.4,Typhoid
10,3024,10,68.53,0.38,4.42,HepatitisA
128,1912,6,19.52,0.38,0.68,Diarrhea
113,508,12,17.91,0.16,12.69,Diarrhea
140,1610,44,2.41,0.77,17.47,Typhoid
490,1759,9,6.77,0.42,7.37,Diarrhea
551,840,29,14.33,0.17,3.33,Dysentery
9,4060,9,51.37,0.03,7.45,HepatitisA
101,4696,21,2.0,0.77,21.63,Typhoid
87,3044,18,3.71,0.65,23.69,Typhoid
254,265,12,15.66,0.11,14.0,Diarrhea
71,2832,15,98.09,0.4,5.88,HepatitisA
157,403,13,5.61,0.13,10.39,Diarrhea
96,119,9,17.59,0.25,3.06,Diarrhea
126,1205,23,42.24,0.49,13.18,HepatitisA
138,1985,16,3.21,0.72,23.84,Typhoid
48,1053,19,19.85,0.22,4.15,HepatitisA
136,2082,10,7.79,0.25,12.41,Typhoid
123,4830,36,6.95,0.61,26.5,Typhoid
437,1607,0,4.17,0.2,10.31,Diarrhea
35,1019,43,3.37,0.77,28.91,Typhoid
890,1107,31,3.81,0.19,18.88,Dysentery
421,9420,6,21.01,0.02,1.28,Cholera
174,3872,8,84.09,0.34,14.72,HepatitisA
237,3017,1,24.64,0.04,3.01,Cholera
26,2154,37,6.31,0.51,21.68,Typhoid
89,536,34,1.36,0.72,11.42,Typhoid
252,437,7,18.28,0.36,14.95,Diarrhea
125,1213,22,7.98,0.35,25.87,Typhoid
1862,921,93,3.61,0.12,17.48,Dysentery
480,985,5,13.4,0.15,4.11,Diarrhea
93,3854,42,7.63,0.58,20.02,Typhoid
65,724,18,71.99,0.1,10.72,HepatitisA
684,4093,19,13.61,0.03,1.82,Cholera
148,1627,12,16.4,0.28,11.12,Diarrhea
1208,4867,7,35.91,0.18,13.07,Cholera
854,6572,16,5.19,0.02,2.28,Cholera
111,794,13,17.96,0.11,0.59,Diarrhea
849,4871,7,11.0,0.04,13.23,Cholera
330,779,3,6.87,0.33,13.71,Diarrhea
114,4252,28,7.79,0.35,26.45,Typhoid
158,175,91,11.22,0.05,6.01,Dysentery
1181,1310,67,6.39,0.27,14.75,Dysentery
28,2649,21,24.57,0.34,12.09,HepatitisA
1856,1065,75,4.13,0.24,16.56,Dysentery
440,3336,12,22.03,0.02,5.35,Cholera
42,201,29,59.27,0.24,4.24,HepatitisA
443,7458,13,5.52,0.16,0.68,Cholera
645,981,22,3.49,0.14,12.76,Dysentery
292,1739,3,14.77,0.19,5.11,Diarrhea
1237,6270,17,31.98,0.07,18.2,Cholera
401,603,8,6.61,0.01,6.34,Diarrhea
53,3325,5,85.42,0.31,18.06,HepatitisA
1772,8550,2,38.56,0.03,3.03,Cholera
148,1769,14,17.31,0.01,2.24,Diarrhea
44,2989,22,4.67,0.43,16.68,Typhoid
142,2154,11,44.46,0.3,16.32,HepatitisA
460,9936,3,18.93,0.16,12.88,Cholera
1612,985,8,21.37,0.16,11.96,Cholera
397,699,11,9.64,0.14,11.49,Diarrhea
1328,1019,30,4.7,0.1,15.81,Dysentery
1002,1588,3,45.8,0.19,19.03,Cholera
1043,1248,87,11.55,0.24,13.26,Dysentery
1970,4341,4,10.06,0.04,10.54,Cholera
12,3178,15,8.67,0.44,21.21,Typhoid
303,6921,1,26.89,0.18,2.32,Cholera
99,3076,23,61.46,0.39,16.6,HepatitisA
96,4040,47,2.42,0.5,18.5,Typhoid
1459,7042,11,19.75,0.19,2.8,Cholera
363,1499,0,4.49,0.13,0.64,Diarrhea
142,2432,27,7.05,0.32,22.0,Typhoid
1600,3003,9,30.7,0.18,16.75,Cholera
214,390,6,18.59,0.12,1.55,Diarrhea
1961,9541,6,8.59,0.07,1.26,Cholera
295,1986,75,11.67,0.03,19.44,Dysentery
1122,4074,15,36.12,0.17,0.67,Cholera
124,465,39,9.45,0.21,20.34,Typhoid
116,2076,36,2.96,0.31,27.23,Typhoid
1529,8333,14,37.49,0.1,19.39,Cholera
546,1754,80,14.78,0.01,4.12,Dysentery
113,167,67,10.78,0.04,2.14,Dysentery
450,1299,0,4.37,0.07,4.35,Diarrhea
1538,1488,37,10.75,0.14,5.82,Dysentery
1593,1818,79,3.28,0.01,6.04,Dysentery
116,4470,10,3.75,0.71,20.54,Typhoid
633,7751,19,46.0,0.05,15.37,Cholera
108,1657,2,36.74,0.34,17.15,HepatitisA
1638,1038,31,8.78,0.17,13.8,Dysentery
239,3532,14,42.87,0.12,1.18,Cholera
90,4309,12,53.82,0.45,5.54,HepatitisA
218,110,54,14.63,0.07,12.29,Dysentery
568,9230,5,6.66,0.16,4.68,Cholera
39,3644,31,6.49,0.26,12.01,Typhoid
184,665,28,11.09,0.23,4.33,Dysentery
39,211,14,6.18,0.24,27.14,Typhoid
188,3186,5,33.45,0.48,14.11,HepatitisA
159,1295,0,5.49,0.36,14.3,Diarrhea
127,3876,23,87.64,0.43,10.11,HepatitisA
87,121,3,9.54,0.07,7.06,Diarrhea
156,2615,23,40.97,0.04,17.65,HepatitisA
578,1370,32,12.52,0.15,0.88,Dysentery
78,4674,10,1.55,0.77,28.17,Typhoid
693,5383,10,33.99,0.12,4.45,Cholera
153,1467,21,49.95,0.16,17.55,HepatitisA
1885,1916,59,14.25,0.05,6.77,Dysentery
1977,1922,55,7.91,0.28,2.93,Dysentery
180,1114,27,53.48,0.11,16.55,HepatitisA
245,1506,5,18.8,0.02,4.53,Diarrhea
97,464,29,99.2,0.18,0.55,HepatitisA
458,877,84,11.2,0.1,8.07,Dysentery
756,7364,3,6.32,0.13,4.27,Cholera
195,1051,60,10.79,0.1,10.11,Dysentery
56,587,21,2.26,0.44,10.77,Typhoid
1848,1691,70,10.27,0.26,4.4,Dysentery
180,2493,3,80.83,0.27,14.61,HepatitisA
75,406,14,9.49,0.38,11.15,Diarrhea
141,3502,44,5.47,0.55,10.74,Typhoid
941,3180,1,40.78,0.12,5.54,Cholera
448,622,14,3.75,0.28,4.74,Diarrhea
443,5781,6,15.74,0.01,2.27,Cholera
77,1199,30,5.45,0.7,11.83,Typhoid
42,3014,24,71.76,0.23,17.44,HepatitisA
189,1345,17,62.36,0.13,5.32,HepatitisA
357,983,6,17.48,0.15,0.23,Diarrhea
337,1247,3,11.59,0.09,14.42,Diarrhea
325,9836,3,38.26,0.1,12.35,Cholera
180,2908,1,17.16,0.08,2.23,HepatitisA
142,3270,2,47.41,0.43,8.0,HepatitisA
325,1804,12,8.99,0.33,9.05,Diarrhea
91,2906,28,77.75,0.29,11.86,HepatitisA
1588,1346,19,40.94,0.13,5.42,Cholera
1216,662,1,47.26,0.04,2.99,Cholera
1080,9632,11,38.37,0.11,1.89,Cholera
1187,8877,5,32.83,0.03,13.57,Cholera
162,835,17,35.41,0.26,2.45,HepatitisA
1389,3727,2,32.48,0.18,8.82,Cholera
348,882,0,9.34,0.16,10.98,Diarrhea
33,4970,12,24.25,0.21,2.03,HepatitisA
550,1137,45,7.07,0.17,17.56,Dysentery
1852,3790,15,48.58,0.02,9.2,Cholera
633,1170,4,48.68,0.1,2.31,Cholera
1886,1715,50,5.41,0.02,0.59,Dysentery
758,3156,1,5.45,0.03,11.3,Cholera
101,602,20,75.57,0.09,5.06,HepatitisA
1245,1513,85,10.07,0.17,10.8,Dysentery
106,1566,10,3.15,0.47,29.28,Typhoid
410,1566,9,8.81,0.29,14.77,Diarrhea
222,717,13,12.71,0.31,7.54,Diarrhea
1407,8206,11,15.71,0.17,16.53,Cholera
470,1429,36,10.54,0.23,6.91,Dysentery
167,3578,20,48.86,0.43,8.3,HepatitisA
970,2475,6,7.06,0.05,2.49,Cholera
109,3672,18,6.37,0.3,20.67,Typhoid
1038,1256,80,5.15,0.28,15.84,Dysentery
114,3506,14,9.73,0.43,16.62,Typhoid
81,3285,0,38.85,0.4,19.27,HepatitisA
91,3228,29,66.75,0.45,16.44,HepatitisA
72,653,2,18.81,0.27,11.53,Diarrhea
65,3708,35,2.36,0.21,23.0,Typhoid
199,1614,13,14.44,0.12,7.46,Diarrhea
133,509,4,16.22,0.41,3.92,Diarrhea
148,3515,32,2.98,0.3,22.57,Typhoid
1749,1319,57,4.29,0.09,19.18,Dysentery
1635,6310,3,10.5,0.0,16.73,Cholera
181,4532,17,21.89,0.09,7.05,Cholera
660,824,87,12.72,0.18,2.57,Dysentery
77,2580,17,6.39,0.45,11.67,Typhoid
232,202,11,12.05,0.37,7.82,Diarrhea
394,1408,4,6.52,0.35,12.53,Diarrhea
121,1336,11,10.59,0.4,8.61,Diarrhea
267,1503,91,8.51,0.02,11.06,Dysentery
199,986,16,56.86,0.1,14.62,HepatitisA
1071,907,1,37.77,0.08,18.26,Cholera
99,1754,5,39.78,0.06,5.19,HepatitisA
11,1365,5,25.29,0.42,2.42,HepatitisA
644,9335,16,46.87,0.02,12.16,Cholera
12,1704,21,4.98,0.53,16.33,Typhoid
544,1412,64,2.55,0.25,3.12,Dysentery
245,1829,84,13.68,0.26,12.9,Dysentery
159,4803,9,59.83,0.42,9.9,HepatitisA
1584,1808,20,13.95,0.06,2.84,Dysentery
486,1254,6,40.75,0.01,10.31,Cholera
110,3903,45,8.65,0.3,28.92,Typhoid
1310,1572,4,13.64,0.09,10.3,Cholera
1595,1345,54,2.34,0.18,2.6,Dysentery
880,1267,92,2.84,0.14,8.78,Dysentery
177,3043,15,56.17,0.03,8.43,HepatitisA
48,2540,20,1.43,0.39,19.63,Typhoid
146,1540,3,7.48,0.09,10.94,Diarrhea
1340,523,56,7.33,0.03,17.93,Dysentery
895,264,91,3.5,0.16,14.14,Dysentery
1010,8051,11,36.53,0.16,16.73,Cholera
117,1467,9,9.01,0.18,7.64,Diarrhea
1924,172,91,5.04,0.21,5.14,Dysentery
1556,1649,18,41.85,0.1,15.18,Cholera
143,753,34,3.38,0.51,17.5,Typhoid
673,5157,15,12.68,0.05,7.93,Cholera
104,2405,41,4.82,0.63,11.68,Typhoid
391,2466,3,38.29,0.06,9.01,Cholera
373,1543,2,11.22,0.21,14.46,Diarrhea
81,1540,37,3.87,0.78,28.48,Typhoid
963,1308,63,13.8,0.15,3.28,Dysentery
198,4497,6,44.29,0.36,4.36,HepatitisA
1242,9282,17,11.23,0.05,4.79,Cholera
69,1763,8,8.93,0.33,11.24,Diarrhea
1270,8313,16,19.22,0.07,9.4,Cholera
1842,1088,43,10.67,0.15,18.41,Dysentery
61,1225,16,47.18,0.29,2.63,HepatitisA
1950,2609,4,36.57,0.15,12.52,Cholera
344,1081,14,4.38,0.33,12.04,Diarrhea
235,363,60,2.71,0.14,13.75,Dysentery
83,4869,13,94.31,0.37,18.18,HepatitisA
1276,3487,16,28.48,0.0,6.2,Cholera
1436,1118,58,2.12,0.28,13.12,Dysentery
577,1056,53,4.95,0.02,19.33,Dysentery
152,1451,5,13.92,0.28,10.86,Diarrhea
155,1305,11,4.25,0.09,7.25,Diarrhea
33,3109,14,9.19,0.68,13.53,Typhoid
132,1051,12,8.13,0.33,1.16,Diarrhea
840,9683,4,26.06,0.08,19.95,Cholera
439,376,13,18.46,0.3,1.4,Diarrhea
132,1588,8,71.22,0.25,7.74,HepatitisA
107,2752,30,6.52,0.45,11.22,Typhoid
897,5641,12,10.11,0.15,3.58,Cholera
1186,1418,38,12.45,0.21,4.9,Dysentery
459,1426,8,10.86,0.48,14.42,Diarrhea
1078,6064,1,29.83,0.12,19.52,Cholera
54,153,7,7.69,0.26,1.83,Diarrhea
17,2469,9,15.87,0.37,5.04,HepatitisA
159,2555,25,99.83,0.39,18.11,HepatitisA
148,1131,1,26.75,0.15,7.47,HepatitisA
55,3380,21,9.46,0.7,26.26,Typhoid
1796,163,55,3.53,0.12,19.93,Dysentery
1647,9320,17,39.44,0.15,19.39,Cholera
468,564,13,12.97,0.17,3.45,Diarrhea
667,194,58,13.29,0.16,19.63,Dysentery
108,1191,20,4.73,0.65,10.13,Typhoid
72,1287,21,88.18,0.22,2.47,HepatitisA
141,3172,46,3.61,0.71,15.43,Typhoid
969,1765,5,38.83,0.13,17.81,Cholera
1756,8440,7,36.96,0.08,12.71,Cholera
196,4574,26,95.85,0.39,6.12,HepatitisA
15,1729,0,96.02,0.27,16.71,HepatitisA
73,570,22,6.77,0.25,19.77,Typhoid
1699,5336,5,24.82,0.06,14.82,Cholera
1498,1084,86,3.32,0.11,10.07,Dysentery
120,1610,6,7.31,0.19,10.18,Diarrhea
301,308,10,5.38,0.43,10.39,Diarrhea
27,2873,29,91.11,0.28,0.3,HepatitisA
15,1903,30,5.99,0.61,23.46,Typhoid
1644,6634,8,49.97,0.16,0.94,Cholera
1464,3489,16,27.77,0.16,15.65,Cholera
390,368,7,6.06,0.37,11.18,Diarrhea
78,1661,17,85.54,0.18,16.87,HepatitisA
92,2782,15,89.98,0.21,1.32,HepatitisA
144,2308,1,61.12,0.42,10.81,HepatitisA
146,2666,21,3.82,0.4,19.26,Typhoid
14,4359,29,9.24,0.51,16.17,Typhoid
221,573,13,14.13,0.31,7.0,Diarrhea
1512,1137,79,4.76,0.05,10.63,Dysentery
24,1477,21,8.02,0.79,10.14,Typhoid
1528,1216,25,3.12,0.18,6.43,Dysentery
1507,2965,3,15.24,0.03,1.44,Cholera
2,349,3,71.6,0.23,9.37,HepatitisA
568,1231,60,3.32,0.06,9.53,Dysentery
109,6632,5,41.88,0.12,9.18,Cholera
322,451,76,13.23,0.23,14.93,Dysentery
72,977,47,7.49,0.66,22.0,Typhoid
141,3150,33,8.61,0.37,22.43,Typhoid
913,6823,16,25.29,0.08,18.9,Cholera
9,4060,8,44.35,0.1,5.16,HepatitisA
1392,757,62,4.45,0.19,13.72,Dysentery
144,4251,25,34.23,0.26,19.17,HepatitisA
1328,351,70,3.98,0.04,13.08,Dysentery
302,840,5,15.88,0.17,10.01,Diarrhea
382,451,54,3.89,0.08,3.36,Dysentery
117,1092,2,5.88,0.25,2.94,Diarrhea
216,236,4,5.32,0.44,3.19,Diarrhea
328,4906,7,27.15,0.07,14.79,Cholera
149,3380,26,45.61,0.02,12.96,HepatitisA
1453,4744,7,35.16,0.09,0.1,Cholera
478,1980,3,5.67,0.23,10.36,Diarrhea
33,956,14,2.64,0.22,12.73,Typhoid
1871,6631,5,35.43,0.03,14.53,Cholera
1265,787,68,5.84,0.1,2.08,Dysentery
50,2026,37,9.0,0.38,22.22,Typhoid
167,3790,28,95.39,0.34,10.07,HepatitisA
1693,2700,5,20.99,0.15,1.45,Cholera
1352,9225,3,12.5,0.12,19.91,Cholera
441,1564,5,17.68,0.1,10.57,Diarrhea
57,4055,11,76.84,0.24,3.72,HepatitisA
90,2285,10,25.07,0.08,13.99,HepatitisA
87,725,14,17.9,0.26,2.54,Diarrhea
705,9059,18,18.67,0.15,7.64,Cholera
148,501,12,5.34,0.74,22.84,Typhoid
549,8629,9,31.62,0.17,2.56,Cholera
407,1420,55,3.41,0.28,12.83,Dysentery
117,4504,48,8.94,0.48,25.56,Typhoid
467,589,7,13.74,0.33,5.99,Diarrhea
148,1456,0,6.95,0.04,2.11,Diarrhea
394,1344,95,12.27,0.21,11.06,Dysentery
179,734,1,7.86,0.04,3.45,Diarrhea
194,2446,3,85.48,0.34,15.64,HepatitisA
452,7032,15,46.86,0.08,14.64,Cholera
100,3795,22,9.61,0.54,10.65,Typhoid
25,2557,6,16.87,0.1,18.26,HepatitisA
94,3734,33,6.07,0.49,14.15,Typhoid
1350,578,78,7.94,0.16,9.87,Dysentery
80,1039,2,18.8,0.09,1.34,Diarrhea
70,3531,40,8.45,0.53,16.44,Typhoid
115,2885,17,83.98,0.26,7.78,HepatitisA
141,576,25,27.38,0.48,15.94,HepatitisA
640,8424,11,24.41,0.11,6.9,Cholera
46,4845,14,8.78,0.5,27.33,Typhoid
124,3716,11,97.41,0.04,17.59,HepatitisA
159,4255,0,81.62,0.16,4.53,HepatitisA
195,2549,16,94.88,0.42,19.02,HepatitisA
919,373,99,14.24,0.15,13.39,Dysentery
35,1273,47,7.04,0.42,20.68,Typhoid
1225,7936,6,8.56,0.11,11.37,Cholera
56,4945,20,2.42,0.52,26.78,Typhoid
162,2021,14,78.53,0.44,1.64,HepatitisA
192,1032,16,39.67,0.16,1.63,HepatitisA
33,1813,3,19.92,0.37,10.14,HepatitisA
1573,3041,2,22.03,0.17,18.83,Cholera
1085,926,65,14.25,0.19,0.15,Dysentery
532,3535,11,24.2,0.06,19.87,Cholera
445,367,2,10.88,0.41,8.22,Diarrhea
675,1167,57,9.26,0.15,15.2,Dysentery
29,4177,8,31.04,0.27,19.56,HepatitisA
630,495,58,6.96,0.12,15.65,Dysentery
144,444,23,47.43,0.05,14.47,HepatitisA
926,4597,11,49.34,0.08,14.92,Cholera
1355,742,3,43.84,0.08,11.32,Cholera
146,2806,33,3.04,0.63,14.95,Typhoid
1170,4114,11,37.71,0.07,10.19,Cholera
1094,1626,19,27.12,0.08,17.95,Cholera
101,860,39,4.67,0.37,12.58,Typhoid
312,1952,6,4.17,0.34,4.05,Diarrhea
39,4089,49,5.59,0.37,24.58,Typhoid
305,1085,1,15.86,0.3,8.13,Diarrhea
196,4701,13,46.76,0.05,4.53,Cholera
130,404,46,6.56,0.33,16.67,Typhoid
1861,1595,46,4.85,0.24,1.54,Dysentery
43,4652,21,7.63,0.77,12.13,Typhoid
1593,7208,18,45.13,0.16,14.48,Cholera
121,3416,22,55.63,0.19,5.98,HepatitisA
378,575,2,11.39,0.25,9.57,Diarrhea
1780,1299,52,9.51,0.15,6.6,Dysentery
81,4672,42,7.04,0.56,10.54,Typhoid
179,2286,24,99.21,0.41,10.88,HepatitisA
97,479,5,7.82,0.44,6.59,Diarrhea
1434,1349,95,8.06,0.25,6.33,Dysentery
42,4934,25,7.4,0.24,17.15,Typhoid
1489,4144,17,15.54,0.01,1.16,Cholera
106,327,8,84.33,0.08,5.55,HepatitisA
49,3495,46,9.25,0.54,12.64,Typhoid
68,4427,16,5.5,0.63,29.5,Typhoid
237,576,9,11.19,0.41,13.79,Diarrhea
31,1269,21,39.15,0.45,1.9,HepatitisA
184,2225,11,22.18,0.26,0.33,HepatitisA
64,2990,21,41.05,0.34,12.42,HepatitisA
179,100,4,14.84,0.45,2.6,Diarrhea
110,1378,2,4.87,0.27,14.18,Diarrhea
1552,2891,18,31.28,0.02,8.15,Cholera
1903,1225,88,11.81,0.11,6.9,Dysentery
137,708,5,5.81,0.11,10.88,Diarrhea
638,7913,8,27.32,0.1,19.11,Cholera
14,1129,11,4.88,0.32,13.21,Typhoid
1075,669,63,9.92,0.16,15.05,Dysentery
64,682,11,50.33,0.32,11.61,HepatitisA
184,1528,21,31.43,0.03,4.39,HepatitisA
53,531,5,6.57,0.18,7.25,Diarrhea
130,3605,17,76.05,0.46,3.8,HepatitisA
1273,1373,69,6.78,0.17,3.3,Dysentery
137,1383,22,5.14,0.73,28.73,Typhoid
412,364,4,11.88,0.08,12.6,Diarrhea
73,3508,37,6.05,0.74,18.54,Typhoid
1794,1805,82,13.73,0.16,3.28,Dysentery
104,1258,48,1.8,0.41,23.34,Typhoid
171,3132,17,11.83,0.43,14.24,HepatitisA
1322,905,18,8.43,0.03,10.81,Cholera
111,3656,18,38.43,0.05,7.96,HepatitisA
492,418,11,11.77,0.09,4.5,Diarrhea
190,2645,28,99.35,0.11,6.32,HepatitisA
1324,1372,52,12.26,0.15,9.93,Dysentery
371,1369,31,7.32,0.18,18.5,Dysentery
188,3508,27,69.52,0.0,16.0,HepatitisA
62,1777,12,6.5,0.44,3.98,Diarrhea
1185,401,79,9.89,0.03,11.16,Dysentery
1330,1547,93,11.0,0.23,3.79,Dysentery
63,3687,2,82.44,0.16,10.94,HepatitisA
1294,1507,97,12.43,0.25,11.39,Dysentery
315,1140,14,3.84,0.1,1.59,Diarrhea
89,2090,32,6.97,0.68,10.84,Typhoid
97,2279,12,1.87,0.2,21.13,Typhoid
689,651,41,8.71,0.22,5.24,Dysentery
242,1690,5,17.69,0.22,4.21,Diarrhea
17,4182,5,29.81,0.49,15.65,HepatitisA
324,567,78,4.46,0.19,0.5,Dysentery
1579,1726,37,9.68,0.02,9.49,Dysentery
1671,1384,67,8.17,0.14,19.48,Dysentery
43,3042,9,63.16,0.04,9.2,HepatitisA
137,1664,27,1.33,0.41,23.34,Typhoid
13,1684,24,5.51,0.64,20.36,Typhoid
177,8205,1,33.63,0.14,11.51,Cholera
380,379,7,3.88,0.19,11.08,Diarrhea
252,906,8,10.34,0.24,7.96,Diarrhea
988,1113,62,4.8,0.12,9.26,Dysentery
1027,360,65,14.01,0.18,14.02,Dysentery
29,3927,14,83.25,0.48,16.87,HepatitisA
1112,510,77,2.25,0.17,2.86,Dysentery
1773,1834,13,41.93,0.18,11.61,Cholera
87,1517,19,28.93,0.04,16.59,HepatitisA
73,2409,48,6.78,0.71,13.44,Typhoid
1435,1082,35,9.63,0.11,14.31,Dysentery
1262,8136,9,9.97,0.09,2.97,Cholera
16,4311,28,6.93,0.21,22.43,Typhoid
152,2702,12,27.99,0.28,2.83,HepatitisA
1136,1913,44,13.33,0.1,15.2,Dysentery
358,960,0,8.99,0.01,9.15,Diarrhea
963,1600,84,14.86,0.22,13.35,Dysentery
225,1720,10,9.18,0.48,13.24,Diarrhea
88,2539,34,7.03,0.65,25.04,Typhoid
311,368,0,18.33,0.48,0.14,Diarrhea
412,1535,11,8.04,0.13,4.03,Diarrhea
868,1752,59,10.5,0.01,19.94,Dysentery
797,4819,2,40.13,0.11,9.22,Cholera
1068,196,46,9.5,0.19,4.49,Dysentery
1053,6574,16,10.57,0.08,3.7,Cholera
1913,383,96,4.67,0.14,9.23,Dysentery
207,1092,72,13.15,0.0,7.77,Dysentery
455,1191,12,18.95,0.22,1.66,Diarrhea
934,1037,58,13.24,0.08,3.25,Dysentery
204,894,9,8.93,0.07,9.44,Diarrhea
30,3683,45,1.85,0.63,19.52,Typhoid
54,1859,21,41.86,0.13,5.34,HepatitisA
110,1886,48,6.63,0.27,15.84,Typhoid
4,2375,4,73.64,0.17,5.1,HepatitisA
362,1072,4,6.23,0.32,11.52,Diarrhea
393,1505,0,4.91,0.27,6.93,Diarrhea
70,430,3,6.21,0.28,10.79,Diarrhea
1470,8647,17,41.72,0.05,0.75,Cholera
97,2623,40,2.92,0.43,21.86,Typhoid
180,1821,66,11.6,0.24,17.29,Dysentery
179,1019,8,12.63,0.15,11.79,Diarrhea
118,1446,7,16.65,0.4,13.14,Diarrhea
25,3796,13,6.12,0.23,20.25,Typhoid
1199,1285,50,6.22,0.09,13.39,Dysentery
1668,6674,13,43.87,0.12,3.97,Cholera
920,8395,9,39.85,0.14,2.14,Cholera
108,4778,10,40.1,0.02,3.36,Cholera
55,4895,35,5.46,0.75,11.45,Typhoid
227,1461,6,5.13,0.07,0.93,Diarrhea
0,549,16,81.61,0.32,8.58,HepatitisA
57,3865,45,3.75,0.6,29.45,Typhoid
35,4330,13,95.75,0.29,17.96,HepatitisA
767,5921,9,24.28,0.13,6.55,Cholera
1646,1359,95,6.71,0.07,0.54,Dysentery
112,630,2,11.73,0.26,2.5,Diarrhea
347,905,11,7.99,0.12,9.32,Diarrhea
1761,8923,15,44.83,0.09,14.91,Cholera
1663,564,0,22.73,0.03,19.58,Cholera
1394,2728,12,20.06,0.14,6.1,Cholera
92,3917,20,7.93,0.25,14.67,Typhoid
84,4299,24,70.79,0.21,3.61,HepatitisA
258,410,9,8.72,0.44,14.88,Diarrhea
108,3822,1,69.27,0.3,15.54,HepatitisA
57,519,17,36.35,0.18,18.53,HepatitisA
129,2397,37,4.24,0.62,29.64,Typhoid
265,1072,10,7.71,0.26,1.21,Diarrhea
416,1517,12,4.84,0.02,11.25,Diarrhea
110,3748,13,46.53,0.12,12.9,HepatitisA
1740,4260,11,9.48,0.06,7.83,Cholera
492,1429,1,11.24,0.18,2.49,Diarrhea
87,557,42,5.59,0.3,24.8,Typhoid
21,3154,1,44.3,0.29,11.11,HepatitisA
83,1702,5,16.95,0.14,5.1,HepatitisA
1317,1398,51,13.25,0.11,14.23,Dysentery
1562,1885,9,31.22,0.06,0.71,Cholera
1062,1445,16,39.49,0.01,8.75,Cholera
89,4759,16,2.24,0.74,25.35,Typhoid
61,3419,41,8.84,0.22,15.0,Typhoid
498,453,38,5.82,0.24,17.24,Dysentery
147,3762,25,65.05,0.2,18.15,HepatitisA
84,3826,31,5.24,0.54,23.64,Typhoid
352,1566,1,7.99,0.07,12.89,Diarrhea
78,3793,39,4.45,0.46,18.61,Typhoid
1344,1511,54,10.62,0.17,13.32,Dysentery
984,1294,38,8.45,0.18,16.57,Dysentery
491,869,76,5.01,0.19,4.01,Dysentery
1804,1529,26,4.49,0.15,16.69,Dysentery
1658,1664,24,12.94,0.06,13.65,Dysentery
80,3837,0,78.82,0.41,13.58,HepatitisA
113,4443,1,15.83,0.43,11.45,HepatitisA
106,1679,8,6.25,0.09,0.92,Diarrhea
65,4895,19,9.87,0.55,10.3,Typhoid
11,3335,37,2.49,0.66,10.61,Typhoid
33,4532,29,4.58,0.56,27.75,Typhoid
109,981,27,33.74,0.33,16.22,HepatitisA
459,605,7,5.87,0.41,14.52,Diarrhea
821,856,55,11.21,0.26,19.76,Dysentery
143,1154,14,34.04,0.24,6.23,HepatitisA
1865,7376,11,15.27,0.04,15.55,Cholera
1881,8667,11,32.5,0.19,9.72,Cholera
761,1007,49,3.31,0.01,5.81,Dysentery
99,158,3,11.06,0.28,10.66,Diarrhea
82,1406,4,17.0,0.09,13.57,Diarrhea
234,621,98,12.9,0.23,4.91,Dysentery
1902,8434,8,44.4,0.06,6.65,Cholera
1259,1801,68,12.17,0.22,13.99,Dysentery
1876,322,66,2.73,0.17,0.94,Dysentery
324,1191,14,17.39,0.36,2.03,Diarrhea
184,5080,14,18.73,0.17,12.28,Cholera
66,3143,5,29.98,0.46,10.6,HepatitisA
183,1994,12,71.53,0.3,16.68,HepatitisA
90,1635,37,9.34,0.66,17.81,Typhoid
229,689,14,10.42,0.39,2.37,Diarrhea
307,606,14,15.93,0.48,1.83,Diarrhea
60,755,7,7.09,0.32,12.03,Diarrhea
1029,184,27,11.66,0.07,18.51,Dysentery
554,7066,17,18.1,0.18,1.77,Cholera
68,3614,19,3.41,0.45,21.58,Typhoid
105,1579,32,5.79,0.22,20.04,Typhoid
612,8481,13,42.51,0.1,4.23,Cholera
122,3974,2,37.63,0.07,15.31,HepatitisA
152,8074,12,33.26,0.08,2.25,Cholera
15,620,29,5.25,0.72,14.41,Typhoid
1612,509,58,5.67,0.25,5.15,Dysentery
40,2183,33,7.21,0.61,12.77,Typhoid
8,2864,19,16.22,0.07,16.08,HepatitisA
12,871,20,39.47,0.17,10.47,HepatitisA
441,1847,6,5.9,0.04,12.67,Diarrhea
9,700,7,25.22,0.36,6.93,HepatitisA
282,722,45,8.17,0.02,14.47,Dysentery
219,228,13,9.44,0.27,2.7,Diarrhea
1157,314,36,14.75,0.01,1.72,Dysentery
44,3713,13,95.25,0.29,6.49,HepatitisA
137,4458,29,57.99,0.05,18.32,HepatitisA
116,1569,47,5.09,0.03,4.89,Dysentery
252,761,73,6.63,0.15,11.82,Dysentery
14,3409,34,7.39,0.38,17.99,Typhoid
116,1297,26,5.06,0.41,27.68,Typhoid
592,6789,19,8.5,0.1,2.2,Cholera
99,3514,40,7.93,0.5,14.07,Typhoid
1188,561,93,6.35,0.09,3.77,Dysentery
1604,492,50,2.72,0.24,16.79,Dysentery
64,4122,19,4.73,0.59,15.96,Typhoid
1517,2790,5,33.72,0.09,7.54,Cholera
734,5335,15,17.96,0.07,14.51,Cholera
1113,2519,16,31.65,0.04,5.93,Cholera
55,1862,9,93.34,0.08,3.79,HepatitisA
223,725,10,7.92,0.46,2.43,Diarrhea
318,2052,17,25.42,0.03,10.05,Cholera
165,1518,0,5.6,0.23,12.18,Diarrhea
72,3200,23,9.32,0.56,21.16,Typhoid
406,1596,7,9.54,0.23,9.14,Diarrhea
277,530,5,17.36,0.42,14.78,Diarrhea
14,3953,41,5.22,0.68,15.13,Typhoid
1547,583,73,12.14,0.06,3.31,Dysentery
55,1896,44,5.56,0.39,22.84,Typhoid
1478,5575,6,32.72,0.1,13.97,Cholera
59,416,4,19.84,0.47,7.09,Diarrhea
513,264,99,2.65,0.22,16.73,Dysentery
148,4095,44,3.73,0.46,28.07,Typhoid
96,1305,33,7.16,0.41,11.33,Typhoid
75,239,14,14.55,0.28,1.24,Diarrhea
722,1833,20,9.84,0.05,6.22,Dysentery
171,695,12,18.52,0.36,6.34,Diarrhea
896,1642,20,11.68,0.1,6.57,Dysentery
139,2812,39,9.57,0.7,15.29,Typhoid
106,858,11,1.43,0.45,22.67,Typhoid
301,937,2,12.88,0.27,6.71,Diarrhea
1459,1405,43,12.98,0.2,8.62,Dysentery
90,1161,10,18.57,0.46,5.53,Diarrhea
143,4803,25,8.98,0.69,27.34,Typhoid
495,1344,0,3.18,0.11,4.09,Diarrhea
99,1107,11,19.06,0.28,13.95,Diarrhea
1147,4204,13,42.6,0.12,10.95,Cholera
189,343,6,7.57,0.07,12.94,Diarrhea
113,2892,19,9.32,0.52,18.95,Typhoid
8,2098,4,93.33,0.28,0.21,HepatitisA
1127,8473,0,8.98,0.02,19.49,Cholera
133,2151,28,42.9,0.08,17.29,HepatitisA
349,1972,14,5.08,0.04,13.9,Diarrhea
594,2583,0,5.95,0.02,18.22,Cholera
13,2713,4,89.02,0.02,11.89,HepatitisA
1957,9522,5,12.55,0.05,6.96,Cholera
42,950,15,8.1,0.62,19.43,Typhoid
152,1647,2,6.27,0.01,10.24,Diarrhea
92,545,4,3.07,0.12,9.6,Diarrhea
6,1283,17,77.75,0.26,0.57,HepatitisA
103,2531,39,1.47,0.23,19.51,Typhoid
308,1959,8,7.98,0.42,2.68,Diarrhea
1159,1355,56,2.74,0.01,17.72,Dysentery
38,2216,27,3.28,0.52,23.13,Typhoid
1295,6009,3,44.78,0.1,9.6,Cholera
1770,1317,48,10.29,0.15,4.64,Dysentery
179,930,1,6.62,0.15,8.79,Diarrhea
1031,1052,21,6.44,0.26,12.08,Dysentery
225,677,70,10.31,0.05,9.41,Dysentery
1387,1803,21,14.52,0.25,19.82,Dysentery
903,5114,1,48.7,0.14,6.44,Cholera
10,3383,17,5.91,0.36,19.7,Typhoid
39,3718,35,6.45,0.48,25.94,Typhoid
135,1142,23,5.02,0.65,26.02,Typhoid
31,1238,3,16.25,0.45,0.08,HepatitisA
5,1382,4,12.94,0.15,5.52,HepatitisA
1422,649,67,13.29,0.01,12.14,Dysentery
132,682,22,4.91,0.38,12.84,Typhoid
105,1945,34,6.81,0.61,10.89,Typhoid
479,9490,1,15.33,0.13,8.08,Cholera
496,661,2,12.49,0.29,14.76,Diarrhea
125,3547,1,57.53,0.31,9.93,HepatitisA
91,4767,20,60.2,0.22,7.19,HepatitisA
696,398,62,10.17,0.26,16.29,Dysentery
652,1059,44,12.81,0.05,10.71,Dysentery
97,2478,20,9.86,0.33,26.34,Typhoid
333,747,47,13.75,0.06,14.61,Dysentery
181,106,4,4.44,0.13,10.35,Diarrhea
348,310,4,16.09,0.07,11.31,Diarrhea
93,2222,25,51.02,0.36,4.4,HepatitisA
1639,9234,15,45.8,0.09,19.83,Cholera
261,4407,5,18.89,0.03,9.95,Cholera
1958,1843,60,3.13,0.27,4.29,Dysentery
1780,1975,88,4.39,0.1,0.89,Dysentery
109,1605,33,5.77,0.33,13.1,Typhoid
1129,1616,73,14.88,0.17,17.66,Dysentery
1273,1957,87,5.14,0.16,9.1,Dysentery
446,1678,6,18.41,0.34,5.13,Diarrhea
232,1934,37,12.65,0.26,1.23,Dysentery
1442,3232,19,20.02,0.11,19.29,Cholera
147,3650,25,16.3,0.26,10.87,HepatitisA
166,673,23,11.21,0.31,6.59,HepatitisA
78,538,7,15.48,0.27,5.48,Diarrhea
249,6223,5,45.39,0.14,4.17,Cholera
35,522,28,83.56,0.26,6.08,HepatitisA
56,1500,5,16.6,0.4,8.53,Diarrhea
148,4060,25,6.45,0.5,18.02,Typhoid
702,5798,8,12.8,0.04,6.43,Cholera
53,122,11,15.69,0.26,9.95,Diarrhea
380,1433,4,6.06,0.16,4.2,Diarrhea
99,589,27,9.12,0.23,26.73,Typhoid
63,2166,6,11.36,0.18,3.67,HepatitisA
569,653,54,8.74,0.2,5.26,Dysentery
62,4691,49,9.65,0.33,23.36,Typhoid
63,3530,16,5.75,0.73,29.18,Typhoid
75,2416,23,7.87,0.24,18.14,Typhoid
432,8929,17,39.53,0.08,18.74,Cholera
379,630,45,12.66,0.19,0.97,Dysentery
1483,1636,97,13.42,0.09,16.08,Dysentery
1898,1041,64,11.15,0.08,8.44,Dysentery
63,2180,16,17.89,0.06,18.36,HepatitisA
92,683,22,59.39,0.48,7.55,HepatitisA
75,3664,37,6.17,0.46,16.97,Typhoid
30,561,19,79.25,0.13,15.8,HepatitisA
408,1402,8,15.7,0.12,14.31,Diarrhea
285,691,1,19.27,0.46,0.3,Diarrhea
1189,3220,9,36.81,0.1,2.39,Cholera
421,220,12,16.41,0.07,4.37,Diarrhea
10,3040,2,10.13,0.05,0.2,HepatitisA
1213,511,67,9.96,0.03,11.92,Dysentery
330,1639,10,9.59,0.29,0.68,Diarrhea
1515,8379,13,23.08,0.18,17.65,Cholera
17,2500,26,38.38,0.27,9.06,HepatitisA
81,4217,32,3.73,0.54,26.82,Typhoid
968,486,72,3.82,0.11,16.65,Dysentery
76,2604,40,4.66,0.76,11.62,Typhoid
899,1623,96,10.25,0.18,12.16,Dysentery
144,884,26,52.41,0.02,10.78,HepatitisA
95,1326,24,5.28,0.39,14.0,Typhoid
148,2369,20,7.6,0.31,27.86,Typhoid
166,2730,16,42.25,0.05,1.6,HepatitisA
841,5388,8,7.38,0.11,12.08,Cholera
1915,9425,7,27.74,0.1,0.02,Cholera
149,376,5,22.54,0.03,0.07,HepatitisA
1405,5823,18,7.59,0.06,16.21,Cholera
144,4630,11,25.67,0.11,9.83,Cholera
123,537,10,20.0,0.15,10.12,Diarrhea
196,1812,7,19.08,0.24,14.93,Diarrhea
1706,945,22,13.37,0.05,0.4,Dysentery
85,1078,12,9.97,0.28,17.12,Typhoid
16,1884,21,67.09,0.05,4.76,HepatitisA
47,1146,5,20.79,0.36,10.25,HepatitisA
183,638,44,5.17,0.24,4.23,Dysentery
20,3541,20,50.06,0.28,18.66,HepatitisA
470,8773,10,46.13,0.09,13.32,Cholera
103,1106,10,12.7,0.05,6.93,Diarrhea
1424,9239,13,38.37,0.13,7.05,Cholera
304,965,4,12.48,0.13,8.38,Diarrhea
1331,523,78,6.13,0.11,13.02,Dysentery
1917,741,44,8.1,0.07,19.42,Dysentery
1415,1128,5,45.74,0.06,5.54,Cholera
299,1757,11,14.04,0.46,12.75,Diarrhea
103,3547,24,53.43,0.14,11.73,HepatitisA
1157,7805,4,6.31,0.18,16.58,Cholera
26,2389,42,8.13,0.47,21.15,Typhoid
173,498,28,54.64,0.24,15.4,HepatitisA
357,7650,16,19.31,0.04,10.39,Cholera
212,1436,12,13.82,0.39,6.59,Diarrhea
630,744,48,5.51,0.15,9.06,Dysentery
105,1741,9,16.73,0.06,14.32,Diarrhea
1490,8600,11,15.72,0.1,10.43,Cholera
64,637,26,83.62,0.33,9.23,HepatitisA
65,2557,26,4.66,0.76,24.43,Typhoid
324,1899,5,14.89,0.33,11.39,Diarrhea
31,2923,6,15.57,0.3,9.6,HepatitisA
412,415,13,19.71,0.47,10.76,Diarrhea
437,119,3,3.79,0.07,6.24,Diarrhea
23,2901,13,5.48,0.61,24.1,Typhoid
143,4880,39,8.77,0.72,18.5,Typhoid
70,927,9,75.69,0.44,14.49,HepatitisA
489,1227,52,8.81,0.16,16.43,Dysentery
288,5912,14,43.89,0.01,5.37,Cholera
71,1154,4,65.4,0.01,4.25,HepatitisA
1126,3825,0,17.45,0.0,8.65,Cholera
622,1823,90,9.15,0.09,0.28,Dysentery
116,1618,14,15.36,0.47,7.4,Diarrhea
1991,1230,58,7.5,0.04,7.47,Dysentery
1182,7356,6,6.52,0.15,1.14,Cholera
60,1841,27,2.07,0.27,15.64,Typhoid
1190,584,81,10.77,0.1,4.54,Dysentery
1541,6258,15,45.18,0.01,12.85,Cholera
77,235,31,8.87,0.62,21.25,Typhoid
152,3283,12,61.92,0.44,2.05,HepatitisA
274,3991,11,39.05,0.05,12.08,Cholera
1500,1272,88,9.12,0.21,3.62,Dysentery
1792,1712,66,12.87,0.21,18.15,Dysentery
331,1458,14,4.52,0.43,8.68,Diarrhea
1460,1418,88,4.02,0.13,11.78,Dysentery
434,1414,13,18.16,0.37,1.5,Diarrhea
316,108,39,7.93,0.06,6.42,Dysentery
507,1821,55,12.1,0.05,18.75,Dysentery
113,482,36,9.68,0.71,16.2,Typhoid
13,932,21,78.7,0.12,0.99,HepatitisA
101,258,10,6.37,0.38,12.68,Diarrhea
977,3160,19,24.07,0.08,19.66,Cholera
93,1620,43,7.28,0.76,26.23,Typhoid
1600,3636,11,31.79,0.06,15.39,Cholera
74,1819,32,1.6,0.24,20.58,Typhoid
798,1931,52,9.97,0.12,0.96,Dysentery
219,1081,1,17.05,0.25,11.71,Diarrhea
33,3491,23,24.68,0.48,19.4,HepatitisA
1354,1684,70,13.43,0.18,18.52,Dysentery
817,6784,3,34.77,0.09,7.79,Cholera
981,1695,70,6.97,0.15,14.67,Dysentery
353,1116,1,17.57,0.36,13.77,Diarrhea
1831,1799,28,2.5,0.11,15.4,Dysentery
96,2126,23,73.38,0.29,15.44,HepatitisA
1452,443,98,14.69,0.2,11.01,Dysentery
120,1296,0,15.75,0.37,2.54,Diarrhea
1580,2185,19,49.92,0.08,8.91,Cholera
117,680,2,4.41,0.39,13.7,Diarrhea
217,1693,8,18.67,0.09,7.55,Diarrhea
323,3309,10,33.4,0.14,8.36,Cholera
127,4133,20,34.86,0.18,12.29,HepatitisA
495,422,9,10.45,0.29,10.66,Diarrhea
1422,1332,40,7.87,0.08,16.49,Dysentery
1923,993,65,12.79,0.11,0.66,Dysentery
130,2628,3,37.44,0.29,18.51,HepatitisA
39,4965,23,68.44,0.43,16.32,HepatitisA
89,1860,6,13.53,0.14,4.56,Diarrhea
1854,7494,11,18.94,0.15,18.99,Cholera
126,672,26,33.66,0.21,8.65,HepatitisA
169,961,7,85.24,0.04,8.57,HepatitisA
30,1094,39,1.85,0.24,10.29,Typhoid
186,1274,5,18.12,0.15,7.49,Diarrhea
1945,1942,32,14.04,0.19,11.91,Dysentery
111,3614,42,6.16,0.6,20.36,Typhoid
1119,8019,10,21.64,0.17,8.11,Cholera
684,3781,10,27.22,0.0,11.11,Cholera
15,1941,10,45.34,0.15,6.48,HepatitisA
76,4438,18,67.37,0.15,6.93,HepatitisA
678,1391,58,2.71,0.16,15.84,Dysentery
733,541,38,13.16,0.16,18.51,Dysentery
121,1742,6,85.89,0.02,5.7,HepatitisA
109,613,25,9.57,0.48,10.24,Typhoid
873,5534,1,44.23,0.04,1.49,Cholera
172,4812,25,96.83,0.01,12.17,HepatitisA
147,2797,25,47.9,0.36,18.92,HepatitisA
177,1521,13,4.41,0.11,5.31,Diarrhea
1658,921,51,6.48,0.18,4.42,Dysentery
1158,714,91,7.02,0.13,16.91,Dysentery
340,1686,59,14.26,0.11,12.79,Dysentery
155,1857,1,17.14,0.18,1.74,Diarrhea
848,1103,24,6.43,0.27,11.74,Dysentery
76,2012,27,64.39,0.03,2.73,HepatitisA
1385,6618,18,35.66,0.05,7.47,Cholera
104,1507,9,18.04,0.14,10.0,Diarrhea
53,4512,19,7.19,0.38,23.29,Typhoid
116,1444,40,9.1,0.59,19.07,Typhoid
245,2263,1,43.28,0.07,19.17,Cholera
97,1473,12,17.54,0.12,2.65,Diarrhea
98,1069,8,12.59,0.14,14.9,Diarrhea
1114,330,96,10.8,0.1,19.84,Dysentery
1491,1746,91,3.2,0.13,11.62,Dysentery
1125,4832,2,27.85,0.0,17.86,Cholera
1976,1415,95,4.97,0.23,3.15,Dysentery
1839,387,61,6.85,0.24,16.13,Dysentery
1035,481,99,8.44,0.04,12.27,Dysentery
131,2535,21,11.64,0.21,13.17,HepatitisA
724,1230,70,11.01,0.19,7.9,Dysentery
73,4579,14,5.42,0.68,28.14,Typhoid
1994,5573,17,15.81,0.02,5.04,Cholera
462,293,1,3.55,0.13,9.95,Diarrhea
1748,1155,86,3.92,0.12,4.27,Dysentery
89,4471,10,6.91,0.46,26.72,Typhoid
1390,494,83,12.32,0.25,1.11,Dysentery
148,324,18,15.02,0.09,3.67,HepatitisA
1,2191,20,14.42,0.16,12.33,HepatitisA
1426,365,59,11.48,0.14,3.82,Dysentery
114,1581,20,8.85,0.44,18.13,Typhoid
1522,2327,2,23.82,0.09,11.56,Cholera
1784,649,33,14.16,0.13,5.6,Dysentery
73,1807,40,4.89,0.8,24.01,Typhoid
152,2507,0,78.12,0.11,15.25,HepatitisA
62,1810,29,62.1,0.45,15.18,HepatitisA
142,1111,10,6.6,0.71,19.01,Typhoid
80,4742,6,65.95,0.07,5.89,HepatitisA
120,1240,26,83.85,0.14,17.58,HepatitisA
140,3166,28,78.96,0.26,9.33,HepatitisA
134,2903,5,62.91,0.33,7.82,HepatitisA
652,1232,67,7.46,0.11,2.84,Dysentery
1563,1982,21,11.01,0.2,8.65,Dysentery
1910,1176,33,13.25,0.03,7.22,Dysentery
683,1081,66,9.42,0.02,0.38,Dysentery
156,2548,25,92.79,0.09,17.43,HepatitisA
62,1310,19,31.34,0.04,2.89,HepatitisA
255,9835,11,18.54,0.07,5.65,Cholera
558,1339,42,2.39,0.13,19.95,Dysentery
97,1255,14,32.54,0.32,17.55,HepatitisA
103,1286,7,9.78,0.46,12.51,Diarrhea
767,1893,81,5.1,0.04,16.17,Dysentery
339,500,3,10.19,0.22,11.35,Diarrhea
196,1867,1,57.83,0.1,15.25,HepatitisA
1765,5163,0,9.38,0.18,13.61,Cholera
132,4002,15,1.92,0.65,29.06,Typhoid
1497,6761,17,43.44,0.13,3.84,Cholera
1991,142,94,2.63,0.06,4.5,Dysentery
13,3055,37,9.29,0.39,11.17,Typhoid
1397,393,45,12.58,0.08,3.96,Dysentery
78,893,25,7.54,0.24,13.39,Typhoid
301,1280,5,16.53,0.1,10.61,Diarrhea
288,462,2,8.91,0.38,9.11,Diarrhea
1263,3108,2,35.3,0.17,9.05,Cholera
145,3777,45,6.82,0.4,19.81,Typhoid
1715,205,72,13.31,0.05,19.76,Dysentery
226,1863,6,17.05,0.01,4.65,Diarrhea
423,1689,14,8.56,0.16,6.34,Diarrhea
83,1299,40,8.3,0.26,14.14,Typhoid
127,3235,31,8.09,0.68,19.57,Typhoid
1001,573,27,8.31,0.01,0.81,Dysentery
448,1148,0,8.28,0.02,1.39,Diarrhea
1286,4435,11,11.52,0.1,5.77,Cholera
1111,1480,16,42.33,0.12,13.56,Cholera
1689,1465,77,12.31,0.13,13.16,Dysentery
156,1195,2,14.6,0.37,12.8,Diarrhea
405,805,8,12.0,0.03,14.69,Diarrhea
554,5021,3,47.7,0.04,5.92,Cholera
10,4839,19,72.33,0.25,2.2,HepatitisA
420,1487,0,4.68,0.47,1.83,Diarrhea
27,2959,7,81.17,0.45,13.95,HepatitisA
138,4056,33,2.3,0.35,12.43,Typhoid
1388,641,52,9.94,0.06,16.48,Dysentery
152,1153,6,13.8,0.24,6.63,Diarrhea
639,8957,2,41.29,0.04,5.41,Cholera
1647,4948,15,36.6,0.0,13.96,Cholera
1340,710,83,13.35,0.28,7.86,Dysentery
1000,5433,17,13.43,0.03,6.3,Cholera
139,2240,30,5.5,0.46,27.14,Typhoid
119,1192,25,3.11,0.61,17.84,Typhoid
912,421,64,9.7,0.24,19.69,Dysentery
1286,1028,49,14.41,0.0,3.63,Dysentery
111,2724,13,4.53,0.68,16.76,Typhoid
14,3065,38,6.87,0.31,11.52,Typhoid
186,8703,17,40.25,0.14,5.59,Cholera
16,2507,40,4.91,0.35,15.87,Typhoid
139,2775,17,20.28,0.05,19.94,HepatitisA
1878,1026,5,35.2,0.13,12.02,Cholera
1148,348,76,10.48,0.19,12.69,Dysentery
8,3211,12,46.37,0.02,18.97,HepatitisA
144,1531,6,3.63,0.37,10.44,Diarrhea
342,605,12,3.2,0.26,11.29,Diarrhea
761,488,95,8.38,0.21,15.19,Dysentery
81,2099,28,9.75,0.62,10.25,Typhoid
1036,1759,51,14.0,0.12,7.7,Dysentery
1247,4970,5,25.87,0.12,3.83,Cholera
1101,8819,6,47.82,0.09,15.69,Cholera
180,1687,74,14.66,0.12,6.5,Dysentery
782,3390,5,44.24,0.1,19.17,Cholera
1746,1078,7,36.09,0.1,8.61,Cholera
131,1972,25,2.72,0.69,13.87,Typhoid
88,3799,34,8.07,0.22,27.71,Typhoid
35,4819,33,1.3,0.72,19.33,Typhoid
173,1545,10,6.53,0.23,14.23,Diarrhea
98,1783,21,29.3,0.29,19.66,HepatitisA
1265,921,90,8.34,0.05,16.89,Dysentery
156,3345,12,37.44,0.06,19.35,HepatitisA
1236,9954,3,24.61,0.02,0.28,Cholera
711,478,61,3.32,0.26,17.46,Dysentery
37,2541,22,3.43,0.66,11.46,Typhoid
157,2850,26,53.76,0.47,10.82,HepatitisA
131,1095,3,4.95,0.33,12.53,Diarrhea
905,694,40,4.65,0.13,3.92,Dysentery
332,5254,3,27.35,0.02,7.6,Cholera
718,5237,13,29.87,0.13,2.69,Cholera
1670,8411,13,10.6,0.13,13.27,Cholera
143,3887,26,76.21,0.11,11.76,HepatitisA
734,767,12,10.79,0.12,10.89,Cholera
130,1017,35,8.55,0.25,25.21,Typhoid
1889,3901,16,44.82,0.07,18.69,Cholera
1445,8626,11,30.96,0.18,5.93,Cholera
480,3700,15,31.12,0.16,16.35,Cholera
1031,176,94,14.94,0.05,16.35,Dysentery
1433,7287,18,28.11,0.03,5.56,Cholera
38,3561,12,96.45,0.45,11.41,HepatitisA
310,1384,4,19.12,0.12,8.32,Diarrhea
868,153,70,13.02,0.18,7.73,Dysentery
357,1996,0,3.87,0.4,12.51,Diarrhea
170,2742,12,53.35,0.3,17.51,HepatitisA
108,858,5,10.52,0.44,11.72,Diarrhea
59,1115,26,55.38,0.42,8.49,HepatitisA
160,2847,23,23.76,0.31,17.65,HepatitisA
18,4511,25,57.02,0.45,15.49,HepatitisA
120,701,4,70.26,0.06,17.41,HepatitisA
958,1734,68,7.83,0.2,16.64,Dysentery
1367,4525,15,49.3,0.06,9.64,Cholera
473,1317,14,11.78,0.17,3.08,Diarrhea
1159,2891,18,21.46,0.13,8.77,Cholera
1012,1883,80,2.53,0.2,10.51,Dysentery
113,833,15,5.21,0.8,28.09,Typhoid
1099,3454,11,49.0,0.14,4.42,Cholera
248,1011,12,19.06,0.09,13.99,Diarrhea
91,843,18,77.48,0.25,2.67,HepatitisA
191,1706,3,17.03,0.14,1.8,HepatitisA
261,801,9,17.86,0.49,12.86,Diarrhea
746,1301,42,13.04,0.13,4.12,Dysentery
805,292,89,6.83,0.13,8.12,Dysentery
692,684,72,3.41,0.02,19.66,Dysentery
1686,7884,14,43.58,0.06,6.79,Cholera
30,3925,1,72.48,0.4,1.72,HepatitisA
182,1982,6,14.23,0.01,0.72,Diarrhea
127,4906,28,36.83,0.07,17.03,HepatitisA
139,2522,33,4.71,0.66,25.67,Typhoid
116,4100,26,2.39,0.38,22.93,Typhoid
1678,4179,16,30.39,0.05,19.06,Cholera
617,1725,56,9.81,0.27,0.74,Dysentery
117,4140,49,5.96,0.58,21.89,Typhoid
427,1338,0,19.13,0.42,13.86,Diarrhea
433,1585,7,13.86,0.15,8.17,Diarrhea
30,4828,42,6.83,0.79,26.51,Typhoid
127,3955,9,65.62,0.41,16.31,HepatitisA
134,2655,17,2.46,0.34,21.77,Typhoid
107,3903,30,2.5,0.25,21.95,Typhoid
302,1829,11,15.06,0.4,12.22,Diarrhea
207,346,3,5.2,0.01,7.8,Diarrhea
13,3821,15,6.48,0.71,11.52,Typhoid
1321,8007,3,48.22,0.08,11.59,Cholera
134,4128,45,5.73,0.57,23.57,Typhoid
454,559,0,18.42,0.11,7.15,Diarrhea
327,784,49,4.4,0.07,12.88,Dysentery
40,3814,29,5.16,0.3,12.97,Typhoid
218,774,4,13.99,0.25,12.75,Diarrhea
1110,1278,46,13.67,0.12,18.03,Dysentery
54,4339,17,23.34,0.28,14.39,HepatitisA
617,1338,22,12.35,0.06,8.34,Dysentery
1864,564,28,2.48,0.15,12.67,Dysentery
240,708,9,8.89,0.02,9.13,Diarrhea
107,881,39,3.14,0.27,17.36,Dysentery
578,9685,11,23.87,0.08,2.05,Cholera
378,1560,1,7.45,0.23,8.15,Diarrhea
343,420,3,13.33,0.03,10.75,Diarrhea
248,115,5,12.35,0.35,10.48,Diarrhea
135,4909,42,6.45,0.63,19.14,Typhoid
74,1997,48,4.31,0.61,13.85,Typhoid
299,1830,2,16.17,0.05,12.46,Diarrhea
1628,1557,4,19.45,0.08,18.6,Cholera
1048,5306,14,42.97,0.18,8.49,Cholera
1562,5018,14,48.41,0.17,3.12,Cholera
1535,2837,11,39.92,0.15,1.77,Cholera
413,442,27,13.36,0.0,18.39,Dysentery
1156,2291,15,19.38,0.09,19.67,Cholera
906,3430,6,23.3,0.11,12.27,Cholera
1616,5918,14,15.29,0.15,14.77,Cholera
23,4239,26,43.1,0.09,13.37,HepatitisA
498,1976,14,7.49,0.08,13.98,Diarrhea
197,4081,5,19.91,0.01,7.74,HepatitisA
64,4419,17,15.28,0.23,9.46,HepatitisA
70,3932,27,5.65,0.23,24.93,Typhoid
41,453,31,8.61,0.41,24.47,Typhoid
74,1437,25,14.51,0.41,16.89,HepatitisA
68,1555,16,1.19,0.41,17.14,Typhoid
113,1113,2,8.73,0.22,3.14,Diarrhea
81,4929,15,3.45,0.29,10.13,Typhoid
111,1196,10,17.55,0.31,7.36,Diarrhea
1562,486,49,8.9,0.06,10.37,Dysentery
1119,6231,15,21.56,0.02,2.77,Cholera
74,2200,31,7.17,0.75,19.69,Typhoid
1711,3812,5,13.8,0.18,4.54,Cholera
20,3358,21,4.99,0.42,12.58,Typhoid
136,996,39,3.81,0.7,23.85,Typhoid
256,5360,10,27.29,0.11,6.39,Cholera
377,7926,3,48.02,0.04,14.86,Cholera
46,3133,49,4.19,0.44,10.46,Typhoid
190,4893,18,35.94,0.45,7.99,HepatitisA
1121,1719,44,13.97,0.2,14.9,Dysentery
11,3488,36,4.27,0.5,11.17,Typhoid
616,6151,3,24.84,0.07,3.4,Cholera
27,2151,17,14.5,0.01,1.73,HepatitisA
87,4281,21,65.77,0.16,18.32,HepatitisA
1956,6775,9,40.84,0.1,18.73,Cholera
733,794,32,14.73,0.06,11.93,Dysentery
1900,4544,12,9.35,0.14,12.08,Cholera
14,1002,40,7.17,0.64,19.94,Typhoid
218,1900,75,7.91,0.02,7.28,Dysentery
353,391,7,4.75,0.3,1.67,Diarrhea
107,1317,17,1.46,0.38,24.03,Typhoid
89,1812,31,5.68,0.71,12.47,Typhoid
484,555,7,7.28,0.4,11.85,Diarrhea
145,3130,35,7.24,0.59,29.84,Typhoid
1553,2703,14,48.9,0.12,17.32,Cholera
249,206,2,12.69,0.28,14.99,Diarrhea
1200,881,67,9.4,0.28,6.97,Dysentery
1596,738,35,5.7,0.1,19.26,Dysentery
89,4314,22,37.19,0.3,10.07,HepatitisA
435,453,7,15.45,0.31,4.6,Diarrhea
176,1239,8,35.64,0.11,16.99,HepatitisA
110,2855,20,6.7,0.22,23.12,Typhoid
122,8994,15,30.84,0.11,10.86,Cholera
360,1081,1,4.68,0.37,2.74,Diarrhea
302,898,4,5.93,0.45,6.73,Diarrhea
521,709,5,30.29,0.14,6.75,Cholera
144,1556,85,2.41,0.01,16.28,Dysentery
1022,906,75,5.94,0.09,5.46,Dysentery
781,1730,20,5.38,0.23,16.55,Dysentery
88,848,37,4.37,0.49,13.07,Typhoid
124,4158,10,5.49,0.48,17.75,Typhoid
1188,742,76,7.2,0.14,18.47,Dysentery
77,2758,22,17.71,0.45,19.68,HepatitisA
73,2557,42,3.64,0.29,17.96,Typhoid
86,2202,26,3.22,0.57,16.76,Typhoid
149,1362,21,6.84,0.52,22.11,Typhoid
64,2585,15,6.94,0.66,26.63,Typhoid
316,1707,14,9.89,0.15,0.67,Diarrhea
34,3777,18,39.19,0.15,2.92,HepatitisA
158,1356,27,82.77,0.22,16.1,HepatitisA
130,550,23,55.67,0.16,5.07,HepatitisA
1755,5216,1,13.22,0.05,6.18,Cholera
1537,1636,92,6.4,0.09,1.65,Dysentery
108,286,10,17.6,0.1,4.83,Diarrhea
32,1112,41,2.71,0.29,19.62,Typhoid
373,367,0,10.73,0.46,3.23,Diarrhea
502,5200,10,8.26,0.02,10.11,Cholera
230,737,2,9.9,0.24,8.54,Diarrhea
857,9037,18,40.13,0.1,18.47,Cholera
66,1584,13,11.12,0.2,10.42,Diarrhea
438,941,9,17.45,0.2,13.43,Diarrhea
115,1654,2,4.46,0.21,12.9,Diarrhea
136,1260,8,9.78,0.4,2.33,Diarrhea
331,135,3,9.11,0.42,7.53,Diarrhea
104,3498,25,1.17,0.63,29.65,Typhoid
106,4823,11,5.14,0.43,25.52,Typhoid
322,1939,2,6.47,0.36,7.21,Diarrhea
29,1348,21,82.75,0.04,19.2,HepatitisA
80,2121,48,5.05,0.23,14.29,Typhoid
141,717,41,1.89,0.4,15.08,Typhoid
383,5970,10,31.11,0.14,12.7,Cholera
788,9912,7,25.86,0.07,8.16,Cholera
1189,7031,13,31.87,0.18,9.3,Cholera
546,541,3,5.46,0.07,18.44,Cholera
601,6622,15,44.48,0.18,17.26,Cholera
1529,9291,1,19.94,0.17,4.81,Cholera
108,4227,42,2.7,0.64,20.7,Typhoid
161,1115,12,5.8,0.12,3.38,Diarrhea
229,796,2,12.57,0.23,9.97,Diarrhea
301,1593,14,18.61,0.06,10.04,Diarrhea
103,3752,17,22.94,0.34,18.41,HepatitisA
251,782,8,16.5,0.39,3.32,Diarrhea
1692,7599,7,24.9,0.13,16.34,Cholera
143,1761,3,64.82,0.31,15.7,HepatitisA
239,1979,8,8.9,0.0,1.88,Diarrhea
136,1336,3,14.6,0.27,8.13,Diarrhea
55,4328,18,2.65,0.75,14.46,Typhoid
146,823,79,3.45,0.03,9.67,Dysentery
757,1693,46,7.75,0.07,2.49,Dysentery
59,538,11,15.94,0.29,12.73,Diarrhea
1938,7389,16,26.07,0.16,13.93,Cholera
867,700,25,3.62,0.08,12.17,Dysentery
578,7188,12,7.32,0.06,12.03,Cholera
166,336,0,44.54,0.09,0.82,HepatitisA
315,1559,19,6.54,0.18,0.21,Cholera
72,1572,13,16.21,0.31,7.06,Diarrhea
133,846,11,7.44,0.67,28.2,Typhoid
86,2847,24,6.94,0.4,11.02,Typhoid
141,3556,16,4.14,0.44,21.54,Typhoid
194,258,2,14.94,0.45,5.43,Diarrhea
449,632,69,2.5,0.06,9.53,Dysentery
1631,9742,15,47.33,0.03,8.66,Cholera
1874,5180,6,6.28,0.06,2.02,Cholera
161,3273,16,67.99,0.41,7.44,HepatitisA
1776,4936,8,32.72,0.09,3.18,Cholera
128,1199,9,46.31,0.28,15.14,HepatitisA
121,1662,40,10.72,0.29,8.7,Dysentery
1801,5829,18,31.32,0.01,18.61,Cholera
1559,1713,6,15.97,0.01,1.71,Cholera
393,6530,18,22.71,0.07,19.3,Cholera
137,1915,25,7.5,0.24,11.68,Typhoid
101,1566,33,3.32,0.53,26.11,Typhoid
598,1155,29,11.3,0.23,4.41,Dysentery
601,8974,19,13.11,0.04,4.57,Cholera
13,1158,45,1.35,0.25,12.99,Typhoid
21,466,14,5.65,0.74,15.93,Typhoid
1429,445,39,9.4,0.16,14.86,Dysentery
77,4103,11,3.86,0.52,26.0,Typhoid
45,4480,13,2.27,0.4,27.85,Typhoid
656,3590,19,35.13,0.02,6.11,Cholera
946,757,9,11.84,0.01,18.94,Cholera
252,1630,11,3.65,0.2,8.67,Diarrhea
1917,1611,60,14.86,0.17,9.67,Dysentery
111,3198,45,5.1,0.22,11.2,Typhoid
86,617,8,13.05,0.2,4.96,Diarrhea
139,448,24,1.07,0.29,29.71,Typhoid
111,1183,6,62.75,0.4,10.14,HepatitisA
1486,974,70,9.09,0.21,0.17,Dysentery
94,2231,30,9.07,0.28,26.41,Typhoid
183,3480,10,94.87,0.06,9.05,HepatitisA
76,4071,48,7.2,0.58,15.3,Typhoid
161,3237,23,49.4,0.35,17.97,HepatitisA
1159,4620,7,6.88,0.15,8.75,Cholera
122,4159,7,10.19,0.06,18.96,HepatitisA
86,1011,1,6.94,0.02,0.52,Diarrhea
1765,1203,76,3.6,0.19,11.77,Dysentery
691,513,66,5.76,0.03,9.2,Dysentery
30,4865,27,92.76,0.15,3.0,HepatitisA
19,615,21,2.13,0.2,16.68,Typhoid
218,7118,10,46.45,0.14,7.45,Cholera
47,1321,28,61.35,0.49,2.44,HepatitisA
124,2119,6,42.91,0.18,13.53,Cholera
1209,1383,84,10.71,0.11,15.21,Dysentery
18,2816,3,95.09,0.15,15.61,HepatitisA
1638,5617,18,37.51,0.15,17.82,Cholera
45,4379,29,49.57,0.1,17.58,HepatitisA
1749,528,24,14.6,0.23,18.48,Dysentery
1554,5201,1,46.14,0.11,9.56,Cholera
329,1535,4,9.08,0.36,3.14,Diarrhea
1690,8556,1,26.74,0.17,7.55,Cholera
1449,955,89,12.76,0.17,5.95,Dysentery
1197,4082,10,46.92,0.09,7.02,Cholera
105,317,8,10.0,0.36,14.35,Diarrhea
129,1707,46,7.25,0.42,24.69,Typhoid
949,1701,96,2.68,0.28,19.58,Dysentery
697,1064,19,44.99,0.0,2.61,Cholera
1862,5749,1,25.18,0.06,9.18,Cholera
462,615,10,7.35,0.32,4.03,Diarrhea
115,4898,2,73.59,0.38,4.9,HepatitisA
241,1237,6,17.74,0.33,0.06,Diarrhea
1260,6494,1,35.02,0.1,12.01,Cholera
121,602,10,17.08,0.48,19.13,HepatitisA
73,1055,25,60.0,0.48,8.76,HepatitisA
1601,1937,5,34.31,0.05,18.85,Cholera
399,474,6,12.67,0.01,3.48,Diarrhea
57,902,25,8.68,0.62,10.28,Typhoid
158,1938,13,8.67,0.17,8.77,Diarrhea
57,1558,23,33.82,0.45,19.24,HepatitisA
51,2296,25,20.76,0.07,8.78,HepatitisA
1967,4493,17,11.37,0.17,18.25,Cholera
767,1373,83,10.18,0.14,19.94,Dysentery
142,745,56,7.68,0.22,8.66,Dysentery
234,1806,10,15.53,0.04,6.39,Diarrhea
75,2529,45,3.75,0.22,28.43,Typhoid
130,4788,16,13.07,0.14,15.73,HepatitisA
100,4498,42,3.26,0.67,10.32,Typhoid
111,529,14,6.97,0.17,12.87,Diarrhea
1479,161,32,8.25,0.04,8.35,Dysentery
178,1924,25,23.03,0.24,2.18,HepatitisA
278,340,14,4.44,0.35,2.21,Diarrhea
183,4043,16,33.5,0.29,2.61,HepatitisA
80,405,6,11.37,0.24,10.15,Diarrhea
1721,512,59,13.55,0.12,6.91,Dysentery
1815,1375,48,4.8,0.18,16.8,Dysentery
807,8538,12,26.5,0.14,14.35,Cholera
73,4151,19,19.34,0.31,6.22,HepatitisA
17,4672,25,38.0,0.12,1.7,HepatitisA
140,4418,49,5.85,0.66,21.24,Typhoid
57,1457,11,13.28,0.26,8.57,Diarrhea
41,1272,5,93.3,0.23,17.18,HepatitisA
200,1212,13,13.73,0.37,14.16,Diarrhea
223,4426,16,24.7,0.07,10.9,Cholera
14,631,19,82.45,0.24,8.68,HepatitisA
57,3503,8,35.33,0.42,2.73,HepatitisA
321,182,11,9.86,0.06,12.1,Diarrhea
1167,9498,11,43.91,0.06,0.9,Cholera
51,407,2,17.09,0.3,10.99,Diarrhea
1322,1169,38,12.66,0.05,19.78,Dysentery
551,4936,19,20.44,0.11,4.66,Cholera
179,3261,28,14.96,0.33,2.78,HepatitisA
10,2269,11,28.21,0.33,8.68,HepatitisA
51,4115,21,1.75,0.3,28.58,Typhoid
971,853,96,6.38,0.04,2.84,Dysentery
327,1236,14,13.31,0.07,2.45,Diarrhea
431,1400,13,6.71,0.4,2.59,Diarrhea
1899,9333,1,39.93,0.07,16.78,Cholera
565,3566,1,15.22,0.14,3.49,Cholera
130,4948,19,87.83,0.38,3.15,HepatitisA
1870,7157,14,33.63,0.05,6.27,Cholera
484,817,14,5.02,0.42,7.87,Diarrhea
45,415,3,49.45,0.17,8.87,HepatitisA
751,689,86,14.4,0.0,5.06,Dysentery
152,2164,22,11.28,0.03,0.39,HepatitisA
180,2301,13,53.15,0.13,17.56,HepatitisA
103,554,26,3.94,0.22,27.44,Typhoid
777,1361,32,11.27,0.29,1.26,Dysentery
13,300,14,22.79,0.22,10.41,HepatitisA
1886,1953,26,2.15,0.18,6.5,Dysentery
19,3017,0,35.87,0.42,16.11,HepatitisA
150,809,42,2.4,0.2,6.15,Dysentery
71,336,3,3.1,0.39,11.36,Diarrhea
1403,7249,12,6.06,0.12,4.66,Cholera
107,1259,36,9.64,0.8,20.0,Typhoid
1448,1453,68,11.98,0.03,4.6,Dysentery
130,560,80,6.23,0.22,19.74,Dysentery
159,2859,24,92.2,0.29,4.68,HepatitisA
124,210,15,3.12,0.49,15.47,Typhoid
899,4409,0,19.93,0.13,4.26,Cholera
645,2912,9,25.25,0.0,7.89,Cholera
1188,542,79,3.11,0.15,12.16,Dysentery
118,990,16,14.49,0.22,8.91,HepatitisA
468,1134,4,15.16,0.35,0.98,Diarrhea
61,1140,23,11.89,0.3,14.3,HepatitisA
59,374,0,53.68,0.15,12.19,HepatitisA
124,3454,1,78.62,0.09,1.35,HepatitisA
453,1853,1,8.21,0.16,5.7,Diarrhea
183,1620,78,4.74,0.23,4.48,Dysentery
182,2368,23,46.19,0.41,1.38,HepatitisA
445,1900,9,5.49,0.12,7.62,Diarrhea
15,791,19,4.11,0.67,16.97,Typhoid
408,623,9,9.57,0.12,1.35,Diarrhea
1267,542,39,13.8,0.23,2.27,Dysentery
146,2259,27,86.09,0.38,11.62,HepatitisA
869,1336,35,12.75,0.22,12.72,Dysentery
138,1353,45,5.04,0.72,16.38,Typhoid
113,605,8,10.32,0.28,9.3,Diarrhea
183,1350,21,75.41,0.19,13.14,HepatitisA
293,654,41,2.5,0.07,17.98,Dysentery
34,3965,11,87.84,0.25,9.06,HepatitisA
54,1140,10,7.1,0.36,2.36,Diarrhea
704,1670,58,2.63,0.01,0.31,Dysentery
1031,1090,20,3.42,0.26,19.86,Dysentery
1654,3705,1,19.95,0.18,3.82,Cholera
1861,1383,66,4.59,0.06,14.62,Dysentery
271,1068,53,5.97,0.06,18.75,Dysentery
356,5284,6,5.0,0.12,17.43,Cholera
1991,776,94,11.54,0.19,4.76,Dysentery
675,1389,27,9.1,0.12,18.19,Dysentery
857,180,66,4.12,0.17,1.29,Dysentery
1619,601,62,6.15,0.27,17.88,Dysentery
1383,326,27,10.52,0.0,2.46,Dysentery
1613,1890,20,10.24,0.28,2.1,Dysentery
1548,1291,37,6.45,0.07,7.15,Dysentery
179,7692,17,38.32,0.07,18.65,Cholera
1971,247,76,8.11,0.26,3.67,Dysentery
164,2795,4,36.83,0.03,17.78,HepatitisA
165,3835,3,16.79,0.22,11.57,HepatitisA
15,3411,45,5.89,0.76,22.54,Typhoid
1478,244,22,3.26,0.23,15.38,Dysentery
1916,5597,14,45.9,0.08,1.8,Cholera
186,2847,5,41.77,0.36,2.55,HepatitisA
1495,106,99,2.45,0.22,4.22,Dysentery
1865,1897,85,13.99,0.0,8.84,Dysentery
75,567,5,10.82,0.3,3.15,Diarrhea
1426,1172,68,2.43,0.28,15.56,Dysentery
493,1850,10,9.33,0.46,14.17,Diarrhea
1283,165,98,5.63,0.09,2.75,Dysentery
1469,7196,16,42.58,0.12,2.08,Cholera
1315,3159,17,8.18,0.18,16.47,Cholera
114,1515,28,48.05,0.4,2.03,HepatitisA
401,1444,75,3.72,0.0,17.38,Dysentery
694,893,97,3.95,0.02,8.65,Dysentery
504,1339,22,14.56,0.27,19.49,Dysentery
291,507,13,14.97,0.07,10.16,Diarrhea
421,1624,13,6.1,0.45,5.66,Diarrhea
125,4212,20,4.48,0.28,29.34,Typhoid
1278,1654,28,5.92,0.15,2.33,Dysentery
11,2760,48,6.91,0.44,25.35,Typhoid
216,1296,4,14.48,0.44,6.87,Diarrhea
180,392,7,78.04,0.07,1.01,HepatitisA
1996,276,44,14.68,0.09,12.62,Dysentery
1250,248,23,8.69,0.1,10.19,Dysentery
40,1350,14,74.16,0.12,1.38,HepatitisA
509,896,12,33.97,0.13,19.37,Cholera
1468,7157,4,42.7,0.08,10.96,Cholera
539,1657,59,4.13,0.26,15.56,Dysentery
127,4175,49,6.06,0.4,22.24,Typhoid
142,3394,14,3.76,0.23,21.18,Typhoid
251,1902,4,17.37,0.22,3.62,Diarrhea
178,2082,3,13.9,0.49,0.54,HepatitisA
1972,672,80,5.85,0.25,13.33,Dysentery
1906,6356,13,30.51,0.02,16.7,Cholera
21,867,4,79.58,0.34,18.23,HepatitisA
36,3221,15,43.21,0.17,2.24,HepatitisA
160,370,21,72.41,0.04,0.74,HepatitisA
1334,312,63,7.28,0.24,2.47,Dysentery
89,1921,36,7.27,0.64,22.85,Typhoid
121,375,16,37.44,0.07,17.87,HepatitisA
114,1196,84,4.53,0.16,0.98,Dysentery
157,3879,0,49.08,0.37,19.11,HepatitisA
73,4316,4,75.78,0.29,16.99,HepatitisA
111,3014,28,9.05,0.72,23.6,Typhoid
99,2439,36,4.94,0.48,16.69,Typhoid
130,409,87,11.84,0.04,16.79,Dysentery
148,4612,20,1.3,0.44,19.16,Typhoid
260,1738,8,12.72,0.4,14.34,Diarrhea
82,2142,1,20.95,0.22,18.88,HepatitisA
1249,5707,5,15.05,0.0,17.98,Cholera
70,2213,8,22.75,0.32,0.48,HepatitisA
128,1171,5,66.99,0.45,6.28,HepatitisA
1253,8328,10,17.03,0.17,8.4,Cholera
575,4673,14,8.33,0.04,12.26,Cholera
1575,775,38,7.01,0.11,13.76,Dysentery
882,1141,55,2.41,0.16,7.91,Dysentery
1067,1646,97,8.31,0.04,11.85,Dysentery
33,4242,30,8.19,0.74,14.38,Typhoid
154,623,6,80.04,0.04,13.38,HepatitisA
193,884,16,97.69,0.04,4.15,HepatitisA
115,2870,15,9.86,0.24,19.42,Typhoid
136,3979,1,53.08,0.21,4.67,HepatitisA
171,1383,9,37.41,0.26,6.48,HepatitisA
121,3080,48,1.0,0.26,28.03,Typhoid
59,353,26,10.11,0.44,14.12,HepatitisA
1249,658,85,8.52,0.1,6.33,Dysentery
301,366,8,13.05,0.19,13.68,Diarrhea
1664,7655,18,37.87,0.07,1.95,Cholera
301,949,7,4.97,0.48,1.53,Diarrhea
225,1001,10,18.59,0.25,0.53,Diarrhea
1522,8353,3,8.35,0.1,7.43,Cholera
444,987,0,19.22,0.15,6.38,Diarrhea
148,4325,28,93.5,0.05,9.41,HepatitisA
738,1395,81,7.38,0.17,2.3,Dysentery
81,2593,49,5.97,0.53,20.29,Typhoid
266,1036,11,8.4,0.42,10.11,Diarrhea
1381,7271,7,21.57,0.04,3.81,Cholera
69,3176,16,1.13,0.3,20.15,Typhoid
91,3896,42,3.02,0.76,17.11,Typhoid
837,1815,73,12.38,0.09,4.75,Dysentery
136,1567,9,9.85,0.34,7.22,Diarrhea
916,1514,63,7.31,0.18,4.25,Dysentery
1919,1209,38,3.27,0.07,15.03,Dysentery
732,1735,82,8.88,0.14,8.75,Dysentery
1539,324,81,3.52,0.21,14.5,Dysentery
324,513,6,8.77,0.3,4.28,Diarrhea
1078,171,75,5.14,0.04,2.37,Dysentery
65,1156,43,5.41,0.46,28.77,Typhoid
1146,8890,12,35.1,0.06,2.02,Cholera
169,2055,22,48.62,0.14,16.79,HepatitisA
694,6590,3,28.64,0.01,5.92,Cholera
420,1657,9,12.05,0.02,13.91,Diarrhea
100,1966,7,11.93,0.41,9.79,Diarrhea
230,1874,12,3.37,0.33,14.9,Diarrhea
732,456,55,2.63,0.19,6.19,Dysentery
636,239,20,8.73,0.21,15.98,Dysentery
302,1559,10,6.6,0.11,8.8,Diarrhea
8,3557,25,45.95,0.32,4.09,HepatitisA
419,493,4,3.33,0.08,10.49,Diarrhea
1897,5393,4,44.99,0.06,12.08,Cholera
132,2891,16,34.03,0.02,2.27,HepatitisA
719,134,41,8.11,0.23,12.57,Dysentery
487,1280,6,16.02,0.03,10.92,Diarrhea
1068,724,71,8.57,0.15,16.09,Dysentery
1743,980,63,11.08,0.18,16.41,Dysentery
29,3109,21,58.2,0.24,10.95,HepatitisA
488,1548,2,4.96,0.38,2.37,Diarrhea
46,3608,7,63.98,0.31,16.57,HepatitisA
110,713,26,4.46,0.69,14.48,Typhoid
104,2931,43,7.88,0.55,17.68,Typhoid
88,750,22,5.67,0.54,29.76,Typhoid
1093,587,35,14.81,0.07,0.39,Dysentery
19,2755,32,7.54,0.33,15.6,Typhoid
592,1644,63,13.13,0.28,10.42,Dysentery
79,2822,48,7.18,0.64,11.1,Typhoid
320,1361,8,8.51,0.31,1.45,Diarrhea
722,1743,98,6.89,0.08,9.66,Dysentery
5,3046,18,34.78,0.12,11.11,HepatitisA
98,2150,21,2.23,0.72,14.04,Typhoid
42,649,1,99.81,0.31,7.85,HepatitisA
83,1703,11,7.79,0.22,11.4,Diarrhea
956,1886,68,13.25,0.12,17.97,Dysentery
55,2360,34,3.01,0.78,11.54,Typhoid
94,2517,12,1.97,0.36,19.26,Typhoid
781,4172,9,6.34,0.15,12.67,Cholera
135,2161,27,8.33,0.63,14.23,Typhoid
138,1107,24,41.29,0.4,5.31,HepatitisA
1649,6388,10,13.65,0.06,16.11,Cholera
301,826,10,18.72,0.37,14.56,Diarrhea
12,2189,17,62.5,0.43,9.52,HepatitisA
36,1608,13,90.05,0.28,10.14,HepatitisA
195,2808,18,87.3,0.17,11.29,HepatitisA
467,1747,14,14.83,0.48,4.96,Diarrhea
1213,1925,63,8.51,0.28,11.56,Dysentery
54,229,6,40.74,0.3,10.73,HepatitisA
108,1604,9,28.42,0.36,11.15,HepatitisA
179,2659,3,81.24,0.22,1.7,HepatitisA
140,2947,25,2.11,0.64,12.81,Typhoid
861,752,92,2.59,0.05,17.04,Dysentery
284,619,1,14.13,0.11,6.82,Diarrhea
468,1859,11,10.18,0.11,0.8,Diarrhea
333,988,0,12.06,0.19,12.84,Diarrhea
93,1961,3,16.77,0.34,9.81,HepatitisA
1425,9244,13,47.89,0.0,4.26,Cholera
114,1161,33,5.6,0.51,16.38,Typhoid
693,886,20,12.53,0.25,15.5,Dysentery
286,1151,12,13.95,0.42,1.37,Diarrhea
1498,1494,65,5.91,0.01,1.8,Dysentery
55,4847,1,18.05,0.29,13.8,HepatitisA
614,4525,15,15.25,0.16,7.33,Cholera
485,1657,25,13.72,0.12,8.56,Dysentery
1842,8213,3,32.88,0.03,2.91,Cholera
110,1691,20,36.1,0.26,6.49,HepatitisA
566,4429,7,32.32,0.16,17.18,Cholera
225,265,32,12.5,0.25,8.37,Dysentery
69,1089,13,3.77,0.75,13.6,Typhoid
612,615,4,44.54,0.13,10.17,Cholera
1815,436,21,11.63,0.09,14.65,Dysentery
144,3089,23,1.25,0.24,28.84,Typhoid
51,3722,28,78.31,0.31,0.47,HepatitisA
328,1015,98,7.63,0.1,15.02,Dysentery
1085,2576,17,41.46,0.08,19.76,Cholera
288,1246,6,3.66,0.14,7.35,Diarrhea
474,1861,10,18.28,0.19,8.89,Diarrhea
165,702,10,15.59,0.1,12.96,Diarrhea
15,2687,27,86.4,0.07,7.83,HepatitisA
96,3931,44,1.91,0.38,29.05,Typhoid
240,451,4,4.94,0.16,2.19,Diarrhea
713,6189,19,24.85,0.14,0.96,Cholera
1966,1282,13,44.89,0.03,5.36,Cholera
1521,799,69,5.96,0.02,6.53,Dysentery
522,9625,11,41.48,0.02,18.18,Cholera
1505,1881,54,10.34,0.07,2.44,Dysentery
74,961,46,7.61,0.63,12.53,Typhoid
1393,264,34,10.79,0.07,12.06,Dysentery
73,3870,10,2.76,0.4,26.96,Typhoid
1397,3796,0,30.59,0.06,4.46,Cholera
1556,2545,4,20.4,0.19,2.95,Cholera
126,1273,15,32.48,0.09,1.9,HepatitisA
1735,679,60,12.38,0.15,18.07,Dysentery
1984,1210,43,8.1,0.17,19.23,Dysentery
302,2806,9,22.88,0.14,1.25,Cholera
125,2448,22,94.04,0.39,15.55,HepatitisA
153,2693,12,47.8,0.45,17.23,HepatitisA
1753,9847,3,29.03,0.09,7.68,Cholera
1710,616,6,48.77,0.14,11.55,Cholera
489,1402,13,19.29,0.44,3.91,Diarrhea
280,1704,12,8.64,0.04,8.85,Diarrhea
591,728,68,12.95,0.26,6.4,Dysentery
90,323,11,5.86,0.36,27.03,Typhoid
304,541,72,7.37,0.01,18.73,Dysentery
37,613,21,3.7,0.31,11.73,Typhoid
1650,1967,76,12.53,0.17,15.22,Dysentery
338,1355,5,16.53,0.25,8.41,Diarrhea
54,4504,47,8.86,0.41,14.78,Typhoid
179,4195,14,21.07,0.15,18.33,Cholera
259,917,1,9.9,0.25,10.86,Diarrhea
116,376,41,6.68,0.33,23.19,Typhoid
422,790,66,8.04,0.2,8.89,Dysentery
93,502,35,1.18,0.48,25.59,Typhoid
384,777,9,14.19,0.06,6.63,Diarrhea
301,1232,10,12.72,0.39,1.43,Diarrhea
1781,1567,66,14.35,0.06,0.69,Dysentery
551,2081,9,46.15,0.12,0.15,Cholera
1618,1728,6,14.78,0.04,18.7,Cholera
215,239,2,13.81,0.04,2.82,Diarrhea
146,4617,30,2.13,0.46,11.3,Typhoid
747,420,83,2.15,0.05,12.69,Dysentery
111,4303,35,9.51,0.3,18.27,Typhoid
3,3063,22,31.32,0.02,10.21,HepatitisA
46,996,1,82.34,0.15,10.88,HepatitisA
1543,1445,35,6.23,0.02,1.3,Dysentery
1119,834,96,11.06,0.11,6.1,Dysentery
184,4784,16,76.4,0.03,14.35,HepatitisA
1006,6648,8,33.48,0.1,17.89,Cholera
129,4862,46,9.45,0.42,28.73,Typhoid
246,1807,8,10.37,0.35,5.16,Diarrhea
193,3800,26,33.53,0.12,13.64,HepatitisA
72,339,5,12.79,0.3,17.01,HepatitisA
976,6680,1,30.7,0.1,17.06,Cholera
193,4175,15,43.4,0.35,2.14,HepatitisA
51,1210,35,9.16,0.47,26.95,Typhoid
1010,1094,84,5.38,0.1,18.21,Dysentery
119,3812,5,17.56,0.12,19.66,HepatitisA
26,3974,14,12.05,0.44,4.0,HepatitisA
1231,4191,12,10.83,0.08,8.27,Cholera
45,4097,26,22.76,0.25,17.99,HepatitisA
318,131,7,6.82,0.39,12.16,Diarrhea
229,1142,2,17.97,0.49,7.99,Diarrhea
547,9972,2,19.43,0.14,5.77,Cholera
38,2062,42,9.21,0.56,25.63,Typhoid
467,140,92,10.06,0.04,16.65,Dysentery
107,171,7,11.39,0.29,13.7,Diarrhea
132,492,13,8.13,0.76,12.51,Typhoid
830,953,65,2.81,0.06,14.85,Dysentery
131,3621,33,7.31,0.77,20.88,Typhoid
279,1016,8,7.09,0.15,13.76,Diarrhea
517,1390,98,5.35,0.17,14.79,Dysentery
1390,1313,3,24.69,0.15,3.2,Cholera
556,3910,17,22.78,0.12,14.23,Cholera
242,511,10,10.69,0.27,10.25,Diarrhea
112,1401,23,25.02,0.41,15.71,HepatitisA
1090,585,52,11.62,0.04,16.5,Dysentery
264,714,9,17.34,0.11,3.4,Diarrhea
1802,1691,6,18.55,0.01,7.3,Cholera
16,1656,45,5.6,0.4,29.72,Typhoid
76,1652,48,8.1,0.73,25.53,Typhoid
461,1447,72,3.59,0.06,8.12,Dysentery
102,2841,22,69.06,0.08,6.92,HepatitisA
1611,5646,1,13.68,0.05,3.1,Cholera
416,888,9,19.51,0.06,7.24,Diarrhea
1083,272,29,12.99,0.24,6.34,Dysentery
1104,3703,9,48.96,0.05,11.89,Cholera
157,2993,25,96.57,0.48,13.3,HepatitisA
75,1190,5,5.99,0.27,9.05,Diarrhea
157,4743,22,48.43,0.21,8.99,HepatitisA
34,4937,12,81.47,0.48,0.02,HepatitisA
64,237,34,6.55,0.56,12.77,Typhoid
493,998,8,30.41,0.04,17.19,Cholera
342,628,92,10.96,0.14,5.14,Dysentery
417,1691,0,12.96,0.29,13.03,Diarrhea
10,2998,18,9.62,0.28,10.67,Typhoid
1371,323,51,7.11,0.16,16.0,Dysentery
180,2268,8,86.48,0.0,12.59,HepatitisA
420,930,9,9.03,0.47,3.79,Diarrhea
987,1251,83,8.75,0.09,8.11,Dysentery
86,1670,7,14.57,0.33,14.87,Diarrhea
91,1604,42,5.67,0.56,11.91,Typhoid
46,1164,22,3.61,0.62,15.56,Typhoid
13,3109,41,7.32,0.79,24.21,Typhoid
1216,2362,17,47.53,0.04,13.3,Cholera
60,3188,46,6.63,0.42,23.42,Typhoid
314,1872,1,19.06,0.22,7.5,Diarrhea
829,1635,23,4.82,0.18,8.28,Dysentery
62,4033,38,4.52,0.66,17.73,Typhoid
11,2130,0,29.27,0.29,15.4,HepatitisA
66,1665,5,4.92,0.3,8.69,Diarrhea
136,2176,9,88.77,0.16,12.5,HepatitisA
105,3011,46,8.32,0.6,27.2,Typhoid
140,1183,7,4.66,0.24,11.45,Diarrhea
100,1079,10,40.72,0.13,14.62,HepatitisA
149,273,12,9.75,0.16,0.98,Diarrhea
1930,1048,78,8.71,0.24,5.08,Dysentery
51,644,19,58.18,0.29,5.4,HepatitisA
111,1584,25,33.98,0.46,7.86,HepatitisA
1650,411,67,5.8,0.17,19.66,Dysentery
34,4539,9,15.85,0.2,4.69,HepatitisA
100,322,90,6.88,0.15,10.45,Dysentery
456,1820,0,3.86,0.31,5.38,Diarrhea
21,2617,37,5.26,0.21,29.42,Typhoid
1876,1390,51,14.79,0.1,8.77,Dysentery
1991,8011,8,37.51,0.13,9.36,Cholera
665,893,96,2.77,0.04,1.51,Dysentery
170,1718,4,54.0,0.26,2.91,HepatitisA
1436,1026,60,5.48,0.16,2.3,Dysentery
991,2065,11,30.09,0.02,5.28,Cholera
50,4157,20,1.4,0.48,16.74,Typhoid
1888,254,59,14.78,0.06,4.33,Dysentery
1674,758,40,5.85,0.13,6.78,Dysentery
5,3409,17,27.36,0.04,1.11,HepatitisA
760,5858,6,30.33,0.12,4.38,Cholera
100,4768,25,83.02,0.2,8.57,HepatitisA
926,723,77,9.47,0.14,1.75,Dysentery
154,1566,7,10.28,0.14,5.22,Diarrhea
1433,598,20,14.86,0.0,19.26,Dysentery
92,2516,33,7.01,0.67,27.86,Typhoid
162,937,1,8.38,0.03,5.64,Diarrhea
96,2286,30,7.23,0.59,24.77,Typhoid
799,1698,2,36.07,0.18,4.56,Cholera
33,1177,23,1.55,0.46,28.7,Typhoid
1972,460,30,13.63,0.03,6.83,Dysentery
73,2489,1,22.28,0.03,10.43,HepatitisA
137,1968,38,14.19,0.12,0.82,Dysentery
1503,5854,6,29.11,0.15,17.8,Cholera
623,410,36,8.44,0.24,11.53,Dysentery
110,1837,38,10.07,0.05,10.01,Dysentery
103,809,19,56.38,0.34,2.94,HepatitisA
1496,1661,67,7.44,0.21,12.27,Dysentery
328,1128,13,6.16,0.2,0.61,Diarrhea
798,8799,13,22.57,0.06,3.92,Cholera
75,1486,12,15.24,0.42,14.57,Diarrhea
170,1393,10,21.16,0.05,6.36,HepatitisA
438,275,1,13.61,0.33,0.6,Diarrhea
117,4093,0,73.55,0.33,1.77,HepatitisA
436,428,9,8.42,0.02,0.08,Diarrhea
1814,1451,58,9.78,0.18,11.16,Dysentery
1261,1555,42,3.05,0.16,3.11,Dysentery
182,597,21,69.01,0.3,9.41,HepatitisA
65,1389,34,6.99,0.65,20.25,Typhoid
974,1283,11,9.68,0.06,3.84,Cholera
37,4072,13,3.28,0.72,21.54,Typhoid
35,254,13,6.62,0.76,24.72,Typhoid
548,839,31,11.62,0.07,14.77,Dysentery
157,4000,6,94.21,0.02,1.61,HepatitisA
48,907,17,25.01,0.25,18.56,HepatitisA
812,1773,96,4.34,0.28,18.67,Dysentery
1078,1619,53,10.17,0.12,5.35,Dysentery
1198,9451,8,9.78,0.08,8.23,Cholera
69,3273,29,59.66,0.26,8.92,HepatitisA
306,1257,80,6.92,0.0,11.9,Dysentery
243,1627,92,10.51,0.13,19.35,Dysentery
379,1120,13,7.3,0.18,1.88,Cholera
1930,1412,71,6.97,0.05,14.5,Dysentery
176,1300,10,9.61,0.46,8.95,Diarrhea
163,1897,11,55.61,0.29,17.56,HepatitisA
159,1989,13,11.64,0.23,10.13,Diarrhea
38,3468,47,2.82,0.64,12.43,Typhoid
82,3116,8,99.82,0.32,1.8,HepatitisA
620,217,42,4.72,0.21,17.98,Dysentery
368,1532,0,6.86,0.24,2.87,Diarrhea
137,1665,35,4.78,0.49,27.18,Typhoid
546,1355,10,10.31,0.11,11.29,Cholera
144,2973,29,43.17,0.38,15.73,HepatitisA
172,1916,7,47.1,0.25,0.02,HepatitisA
317,2065,17,34.02,0.11,2.51,Cholera
14,826,6,23.76,0.08,11.02,HepatitisA
761,529,50,6.4,0.11,10.62,Dysentery
152,824,19,18.72,0.41,13.27,HepatitisA
330,1530,3,18.02,0.31,0.5,Diarrhea
326,1040,8,10.65,0.38,0.98,Diarrhea
1466,5321,4,23.5,0.08,0.74,Cholera
77,2984,37,6.05,0.79,19.52,Typhoid
924,7202,3,44.3,0.04,5.13,Cholera
398,8818,1,34.06,0.17,16.45,Cholera
298,1742,9,19.85,0.4,6.69,Diarrhea
478,189,14,14.89,0.12,8.08,Diarrhea
68,4144,17,48.05,0.38,17.84,HepatitisA
1672,1169,18,35.1,0.03,19.45,Cholera
113,369,34,9.38,0.6,21.62,Typhoid
181,4291,12,56.14,0.01,15.42,HepatitisA
27,903,37,5.1,0.6,18.7,Typhoid
1072,1867,38,6.05,0.14,6.94,Dysentery
145,1885,12,4.35,0.07,13.15,Diarrhea
121,1142,8,14.51,0.05,3.55,Diarrhea
117,4743,4,59.35,0.22,7.25,HepatitisA
202,207,14,11.66,0.49,4.7,Diarrhea
873,2000,19,47.29,0.02,12.83,Cholera
1385,7028,13,33.78,0.05,14.18,Cholera
165,2750,22,26.83,0.25,14.58,HepatitisA
293,1252,9,16.04,0.15,3.94,Diarrhea
127,591,21,64.85,0.29,16.97,HepatitisA
1764,1758,58,11.01,0.15,13.94,Dysentery
99,1874,16,4.76,0.62,18.83,Typhoid
138,1977,39,1.16,0.47,19.11,Typhoid
42,4493,2,61.19,0.16,18.08,HepatitisA
349,743,7,18.31,0.11,14.76,Diarrhea
476,246,6,3.75,0.23,2.04,Diarrhea
1688,8797,9,32.52,0.12,0.45,Cholera
128,1332,12,5.7,0.38,4.59,Diarrhea
181,1316,42,2.45,0.0,0.75,Dysentery
157,8386,11,24.16,0.16,16.75,Cholera
257,1623,2,15.58,0.05,2.65,Diarrhea
431,463,4,17.54,0.09,9.43,Diarrhea
937,5115,17,39.3,0.06,4.31,Cholera
1768,1610,32,2.88,0.07,12.95,Dysentery
1533,457,52,6.4,0.28,2.76,Dysentery
32,2679,42,9.54,0.38,13.79,Typhoid
92,1007,12,14.21,0.08,9.59,Diarrhea
172,4227,2,73.98,0.39,15.29,HepatitisA
365,1804,11,4.9,0.25,0.5,Diarrhea
149,1665,41,8.42,0.75,28.52,Typhoid
1048,1880,42,13.38,0.29,8.24,Dysentery
48,3337,12,6.74,0.72,11.22,Typhoid
481,385,13,6.52,0.35,1.57,Diarrhea
184,4670,22,89.89,0.25,17.43,HepatitisA
23,347,8,43.52,0.18,12.79,HepatitisA
403,1687,7,15.48,0.26,7.81,Diarrhea
422,1236,7,18.17,0.36,2.07,Diarrhea
310,1596,3,18.16,0.19,13.53,Diarrhea
104,1539,2,35.49,0.11,17.47,Cholera
144,508,10,5.38,0.18,1.65,Diarrhea
149,513,43,7.73,0.4,10.75,Typhoid
1141,813,81,4.05,0.19,8.06,Dysentery
146,1514,69,2.83,0.17,9.8,Dysentery
15,3735,44,7.46,0.46,11.12,Typhoid
1760,6383,17,12.01,0.05,16.3,Cholera
350,1731,14,6.46,0.04,6.1,Diarrhea
37,3377,38,2.52,0.54,18.83,Typhoid
1319,4808,7,23.9,0.11,16.97,Cholera
45,3981,46,5.7,0.58,14.83,Typhoid
194,2666,23,20.34,0.14,18.5,HepatitisA
1203,4028,3,40.56,0.16,15.37,Cholera
1204,224,37,3.91,0.07,9.41,Dysentery
5,1167,8,52.17,0.47,11.22,HepatitisA
337,1177,13,11.13,0.47,1.45,Diarrhea
208,682,61,13.63,0.17,14.3,Dysentery
1757,1490,52,12.31,0.18,12.26,Dysentery
1001,4410,10,36.03,0.11,9.8,Cholera
341,779,9,14.38,0.03,4.72,Diarrhea
64,467,0,49.22,0.02,1.15,HepatitisA
86,2181,1,89.33,0.06,11.75,HepatitisA
1215,2973,18,9.34,0.07,13.06,Cholera
75,3907,35,2.81,0.49,15.24,Typhoid
121,3272,28,45.51,0.19,12.04,HepatitisA
164,6751,19,33.73,0.14,3.16,Cholera
174,1026,11,18.68,0.22,8.85,Diarrhea
195,885,72,2.5,0.05,14.54,Dysentery
126,4608,45,5.72,0.47,12.27,Typhoid
164,1434,59,5.66,0.16,12.04,Dysentery
44,4838,32,7.88,0.59,13.38,Typhoid
80,1938,25,65.32,0.35,4.99,HepatitisA
426,341,92,4.47,0.17,5.27,Dysentery
88,4512,26,75.33,0.23,12.76,HepatitisA
175,428,7,65.31,0.37,7.57,HepatitisA
1160,5418,7,10.45,0.09,19.18,Cholera
59,972,3,17.37,0.49,5.86,Diarrhea
1830,825,76,12.44,0.12,16.63,Dysentery
38,4060,13,28.02,0.46,1.46,HepatitisA
1657,8061,1,19.86,0.16,10.48,Cholera
197,1117,3,18.27,0.45,9.18,Diarrhea
453,1996,93,11.78,0.2,13.06,Dysentery
1143,999,95,13.19,0.25,2.38,Dysentery
130,4033,37,3.83,0.78,25.01,Typhoid
311,246,8,10.09,0.01,14.28,Diarrhea
269,5049,16,24.72,0.1,9.69,Cholera
303,1693,1,13.65,0.45,10.46,Diarrhea
1621,2881,16,35.22,0.18,15.22,Cholera
1998,711,46,6.75,0.11,5.7,Dysentery
438,755,13,12.4,0.43,4.79,Diarrhea
119,305,46,7.59,0.71,18.89,Typhoid
492,5990,2,44.13,0.1,5.43,Cholera
231,9910,6,8.82,0.17,7.7,Cholera
52,3585,25,33.01,0.27,12.28,HepatitisA
67,1277,13,8.73,0.45,3.24,Diarrhea
489,1810,3,3.67,0.09,10.86,Diarrhea
98,446,20,95.4,0.15,2.56,HepatitisA
16,2760,19,9.77,0.8,13.07,Typhoid
819,376,97,9.01,0.01,8.93,Dysentery
770,8835,6,44.82,0.08,0.73,Cholera
40,2180,49,4.47,0.74,10.69,Typhoid
26,2614,8,14.92,0.41,0.04,HepatitisA
57,3253,23,99.99,0.4,15.69,HepatitisA
106,608,5,12.03,0.23,13.75,Diarrhea
34,435,44,4.59,0.3,25.59,Typhoid
1011,972,74,8.31,0.17,5.26,Dysentery
504,730,86,5.37,0.02,3.99,Dysentery
375,507,8,4.0,0.09,11.5,Diarrhea
101,3256,25,2.28,0.63,20.43,Typhoid
116,1613,10,66.41,0.18,4.02,HepatitisA
1997,2424,7,49.23,0.09,1.22,Cholera
398,1210,3,4.38,0.37,13.54,Diarrhea
74,2927,2,39.93,0.1,4.25,HepatitisA
96,4935,0,81.29,0.03,13.1,HepatitisA
1596,4219,7,6.21,0.02,14.2,Cholera
21,2190,17,4.59,0.54,15.12,Typhoid
278,1638,5,6.12,0.26,11.44,Diarrhea
776,556,40,13.96,0.09,11.22,Dysentery
154,779,11,3.54,0.11,5.17,Diarrhea
38,3490,13,82.14,0.31,16.07,HepatitisA
226,565,10,14.19,0.12,12.16,Cholera
171,788,12,15.56,0.21,14.7,Diarrhea
145,1663,47,5.67,0.52,21.45,Typhoid
189,3509,23,78.77,0.23,16.84,HepatitisA
25,2566,18,8.62,0.33,29.86,Typhoid
482,431,5,13.18,0.06,14.13,Diarrhea
104,4638,13,5.65,0.36,20.91,Typhoid
462,4456,7,38.59,0.18,9.36,Cholera
112,4633,42,9.43,0.46,21.42,Typhoid
110,771,5,12.45,0.49,10.25,Diarrhea
122,4139,45,2.56,0.35,13.07,Typhoid
425,378,2,6.69,0.41,6.96,Diarrhea
346,5026,7,30.86,0.1,0.25,Cholera
117,791,10,18.22,0.25,8.64,Diarrhea
1107,4501,1,28.54,0.06,7.6,Cholera
243,1825,29,8.31,0.02,11.67,Dysentery
285,885,7,12.75,0.32,8.31,Diarrhea
803,1032,40,7.04,0.04,12.63,Dysentery
582,3766,12,17.35,0.03,18.34,Cholera
47,2369,31,8.34,0.66,27.09,Typhoid
396,1635,10,3.15,0.1,10.54,Diarrhea
266,1042,58,4.42,0.14,7.65,Dysentery
935,4229,14,16.15,0.08,9.08,Cholera
156,1838,6,15.99,0.07,3.64,Diarrhea
924,415,39,4.88,0.0,1.56,Dysentery
828,4558,2,16.6,0.12,18.61,Cholera
913,2210,8,7.1,0.09,2.39,Cholera
936,881,15,33.85,0.08,19.9,Cholera
1702,8572,2,26.45,0.12,13.5,Cholera
705,1177,67,4.63,0.2,5.95,Dysentery
544,1212,34,10.5,0.03,13.08,Dysentery
24,2399,9,59.1,0.19,17.49,HepatitisA
483,1919,2,19.98,0.26,12.75,Diarrhea
63,1909,17,3.27,0.37,24.48,Typhoid
1425,1552,41,6.81,0.29,7.35,Dysentery
1085,1980,41,14.65,0.1,5.81,Dysentery
276,708,14,4.63,0.2,11.51,Diarrhea
195,3611,28,41.99,0.17,19.06,HepatitisA
159,4954,29,31.59,0.1,5.46,HepatitisA
298,1448,69,9.16,0.11,7.04,Dysentery
298,1174,60,13.86,0.04,2.09,Dysentery
74,1574,36,1.48,0.23,25.2,Typhoid
92,4934,30,6.18,0.68,26.4,Typhoid
368,1898,79,10.95,0.02,12.93,Dysentery
364,6511,17,28.35,0.09,12.33,Cholera
93,3246,9,77.9,0.06,7.91,HepatitisA
251,730,9,13.12,0.29,10.39,Diarrhea
1609,1266,54,11.28,0.21,19.7,Dysentery
89,1763,12,18.43,0.11,4.08,Diarrhea
472,1598,10,16.7,0.13,4.8,Diarrhea
106,4328,9,11.65,0.22,5.99,HepatitisA
323,550,4,19.13,0.21,4.16,Diarrhea
179,441,1,15.75,0.2,10.65,Diarrhea
142,5380,14,28.25,0.16,0.71,Cholera
72,4000,44,7.76,0.61,22.46,Typhoid
88,1672,26,7.44,0.76,27.11,Typhoid
1391,9723,2,23.2,0.07,10.58,Cholera
32,1520,34,7.33,0.3,21.88,Typhoid
177,4257,28,31.03,0.46,13.7,HepatitisA
952,598,84,14.77,0.05,13.24,Dysentery
36,653,33,5.33,0.78,25.86,Typhoid
166,632,0,76.01,0.36,0.23,HepatitisA
55,1150,9,10.92,0.38,10.4,Diarrhea
217,334,5,4.2,0.04,13.31,Diarrhea
303,426,76,8.24,0.24,16.3,Dysentery
153,2748,19,71.38,0.27,15.56,HepatitisA
1529,802,62,3.58,0.25,0.71,Dysentery
1343,1415,65,6.39,0.15,1.27,Dysentery
137,1074,5,25.97,0.25,9.52,HepatitisA
841,533,89,2.71,0.23,18.43,Dysentery
1369,802,12,5.25,0.13,15.28,Cholera
140,1539,30,1.2,0.4,19.51,Typhoid
643,1770,97,7.26,0.24,11.17,Dysentery
58,1581,9,8.22,0.06,8.43,Diarrhea
43,2208,29,53.86,0.03,7.55,HepatitisA
1353,1391,19,15.4,0.18,18.62,Cholera
29,4162,14,2.64,0.72,12.66,Typhoid
58,670,9,87.3,0.24,10.66,HepatitisA
746,904,4,38.91,0.18,3.55,Cholera
713,2014,14,29.8,0.04,2.96,Cholera
492,5779,10,7.74,0.14,11.77,Cholera
1923,879,43,5.18,0.0,2.91,Dysentery
978,5414,5,9.16,0.0,9.71,Cholera
19,2269,32,4.73,0.29,20.41,Typhoid
254,6957,10,7.85,0.02,9.88,Cholera
75,2728,21,1.76,0.54,12.09,Typhoid
165,3072,28,39.62,0.2,6.45,HepatitisA
1749,1877,83,3.01,0.22,14.14,Dysentery
26,1107,24,2.48,0.75,17.26,Typhoid
1745,9439,18,12.15,0.01,7.88,Cholera
793,1489,40,12.84,0.16,3.82,Dysentery
144,4544,19,6.23,0.24,19.03,Typhoid
294,1465,82,11.59,0.1,16.61,Dysentery
182,1312,12,13.13,0.27,14.69,Diarrhea
114,2522,22,66.54,0.2,18.25,HepatitisA
224,726,7,15.14,0.44,2.64,Diarrhea
87,3775,29,47.6,0.19,11.8,HepatitisA
1117,724,41,6.19,0.28,18.92,Dysentery
477,4426,14,21.42,0.07,14.5,Cholera
1606,5578,14,15.29,0.15,14.25,Cholera
126,3519,17,18.66,0.45,8.63,HepatitisA
1035,1679,79,10.05,0.14,11.63,Dysentery
839,584,41,2.96,0.07,13.78,Dysentery
167,1796,8,8.56,0.41,2.28,Diarrhea
1934,9341,1,45.19,0.01,9.54,Cholera
553,1190,99,6.0,0.04,2.32,Dysentery
341,1338,46,12.46,0.29,16.62,Dysentery
313,1473,7,5.19,0.46,5.88,Diarrhea
70,3836,14,28.86,0.04,14.95,HepatitisA
179,791,26,97.45,0.42,2.18,HepatitisA
75,1395,44,6.86,0.75,21.59,Typhoid
124,987,81,6.16,0.14,14.72,Dysentery
62,3378,18,2.68,0.32,19.53,Typhoid
93,4844,23,12.69,0.12,2.38,HepatitisA
681,3737,11,36.66,0.09,17.58,Cholera
751,3313,15,24.75,0.04,12.47,Cholera
103,3091,11,6.14,0.51,24.86,Typhoid
297,1112,4,18.08,0.32,11.59,Diarrhea
82,4458,15,92.7,0.2,12.21,HepatitisA
1564,6001,15,29.39,0.04,2.03,Cholera
187,2532,22,95.52,0.01,10.28,HepatitisA
1554,8467,1,16.47,0.15,7.99,Cholera
688,705,45,5.68,0.27,16.59,Dysentery
130,4546,28,26.16,0.37,4.25,HepatitisA
76,353,8,9.03,0.35,4.33,Diarrhea
953,223,42,6.98,0.21,10.99,Dysentery
52,4598,25,8.78,0.65,18.21,Typhoid
92,3568,39,4.4,0.67,13.95,Typhoid
60,4797,16,55.07,0.24,8.29,HepatitisA
191,573,5,16.99,0.0,14.91,Diarrhea
109,372,2,27.76,0.28,7.81,HepatitisA
189,1723,36,6.03,0.14,17.94,Dysentery
11,2535,18,5.98,0.44,20.12,Typhoid
56,1259,3,98.43,0.12,4.42,HepatitisA
131,3907,45,4.39,0.46,29.69,Typhoid
1759,4373,11,48.14,0.05,11.52,Cholera
56,1573,40,1.25,0.71,26.94,Typhoid
1526,1338,98,3.21,0.02,12.22,Dysentery
139,420,7,14.69,0.31,1.38,Diarrhea
61,581,26,68.96,0.43,8.13,HepatitisA
605,1277,65,2.45,0.04,3.13,Dysentery
123,289,14,2.01,0.41,19.29,Typhoid
19,2045,4,20.98,0.04,6.67,HepatitisA
71,3034,17,1.11,0.74,22.33,Typhoid
586,114,53,4.08,0.11,5.61,Dysentery
106,1180,21,35.99,0.2,17.01,HepatitisA
1004,705,59,12.13,0.19,17.0,Dysentery
117,203,13,5.74,0.74,26.97,Typhoid
53,246,0,16.04,0.38,10.97,Diarrhea
845,967,67,12.79,0.06,0.68,Dysentery
181,562,21,20.62,0.47,6.5,HepatitisA
119,695,7,4.17,0.13,2.34,Diarrhea
123,233,27,2.6,0.45,11.11,Typhoid
64,2346,26,3.91,0.31,22.33,Typhoid
1665,5175,1,10.17,0.07,4.48,Cholera
178,2457,13,81.31,0.29,4.74,HepatitisA
184,244,5,46.02,0.07,8.33,HepatitisA
96,2753,11,33.75,0.43,7.53,HepatitisA
132,3514,23,6.32,0.22,15.78,Typhoid
48,4433,18,4.9,0.72,25.78,Typhoid
206,1866,45,13.27,0.2,14.08,Dysentery
44,1918,14,4.52,0.78,20.32,Typhoid
1926,9941,7,36.2,0.16,1.46,Cholera
29,4521,14,26.5,0.45,6.2,HepatitisA
480,1508,14,12.6,0.46,0.84,Diarrhea
221,757,5,9.3,0.27,13.77,Diarrhea
96,2667,13,85.21,0.04,2.55,HepatitisA
464,941,2,10.58,0.42,4.06,Diarrhea
1893,9310,8,13.47,0.05,6.39,Cholera
119,388,43,7.85,0.62,27.78,Typhoid
23,1833,39,8.26,0.73,29.19,Typhoid
1221,7654,7,34.93,0.19,7.11,Cholera
163,621,1,99.59,0.17,15.1,HepatitisA
821,9990,14,28.33,0.18,16.14,Cholera
240,325,24,3.75,0.24,7.09,Dysentery
355,1430,0,10.2,0.39,3.24,Diarrhea
922,1942,33,10.16,0.01,1.69,Dysentery
86,2275,48,5.52,0.63,12.35,Typhoid
771,2404,7,38.76,0.06,19.51,Cholera
304,1711,1,8.19,0.07,5.72,Diarrhea
501,542,47,10.22,0.04,15.96,Dysentery
66,3730,23,22.28,0.26,4.64,HepatitisA
76,3134,14,8.46,0.6,25.56,Typhoid
50,421,48,1.06,0.65,13.86,Typhoid
498,345,78,10.01,0.17,9.67,Dysentery
16,431,11,6.57,0.26,17.92,Typhoid
175,3960,0,75.44,0.16,2.56,HepatitisA
121,4644,21,88.67,0.18,17.25,HepatitisA
183,2185,5,50.56,0.31,5.34,HepatitisA
67,4925,19,8.18,0.36,25.14,Typhoid
1896,181,63,13.28,0.21,14.92,Dysentery
408,6158,12,38.98,0.16,1.53,Cholera
416,1839,14,12.88,0.25,10.87,Diarrhea
1932,2524,11,7.09,0.05,13.73,Cholera
542,2140,18,17.51,0.08,11.47,Cholera
108,368,14,17.65,0.18,8.13,Diarrhea
31,1073,24,54.81,0.16,18.85,HepatitisA
147,1085,4,15.24,0.44,8.46,Diarrhea
22,1276,27,62.25,0.16,9.71,HepatitisA
241,1622,13,4.09,0.35,1.13,Diarrhea
1677,366,61,8.22,0.06,11.69,Dysentery
152,855,78,10.04,0.04,2.85,Dysentery
142,1662,76,12.43,0.2,4.65,Dysentery
1160,9874,11,28.95,0.04,14.93,Cholera
107,2996,28,33.67,0.32,9.35,HepatitisA
20,2662,19,27.09,0.09,0.42,HepatitisA
73,2626,43,6.61,0.44,14.95,Typhoid
1956,1633,90,3.8,0.07,16.01,Dysentery
98,1158,27,2.59,0.58,14.8,Typhoid
538,281,71,10.27,0.15,15.71,Dysentery
633,4517,7,34.25,0.08,3.55,Cholera
171,1759,1,18.08,0.21,6.38,Diarrhea
182,147,2,11.4,0.46,5.15,Diarrhea
10,4038,31,5.31,0.25,27.19,Typhoid
20,2088,29,39.43,0.08,19.91,HepatitisA
144,1301,18,8.54,0.28,12.88,Typhoid
134,1594,12,18.75,0.11,5.35,Diarrhea
1431,1442,61,14.35,0.07,11.69,Dysentery
90,2389,19,60.05,0.28,11.62,HepatitisA
407,1671,5,15.62,0.08,10.89,Diarrhea
23,2134,25,3.07,0.39,29.59,Typhoid
150,4935,26,51.75,0.45,2.07,HepatitisA
1142,883,1,41.6,0.01,15.61,Cholera
121,1470,28,2.83,0.54,18.5,Typhoid
183,612,6,79.11,0.1,3.77,HepatitisA
1135,716,15,35.71,0.08,9.86,Cholera
1063,1022,84,6.77,0.02,12.84,Dysentery
256,1101,87,6.3,0.15,16.86,Dysentery
63,3329,14,57.65,0.34,12.58,HepatitisA
12,3473,11,66.11,0.46,9.38,HepatitisA
45,3651,9,44.37,0.39,3.11,HepatitisA
844,1196,29,6.09,0.25,2.08,Dysentery
358,1463,65,4.62,0.26,7.33,Dysentery
50,615,7,13.6,0.47,1.23,Diarrhea
1943,8577,6,32.18,0.04,11.65,Cholera
269,1517,10,10.07,0.44,13.9,Diarrhea
74,2316,39,4.98,0.56,18.01,Typhoid
89,2369,3,49.7,0.4,18.5,HepatitisA
822,2906,0,26.38,0.12,11.24,Cholera
114,4352,18,9.22,0.57,11.2,Typhoid
104,201,14,55.83,0.12,19.75,HepatitisA
403,1572,4,6.27,0.06,8.16,Diarrhea
335,389,4,10.17,0.07,7.8,Diarrhea
137,1009,29,40.99,0.19,7.15,HepatitisA
404,2026,17,37.74,0.07,7.64,Cholera
57,1909,3,21.62,0.4,3.61,HepatitisA
98,4898,19,1.41,0.34,23.85,Typhoid
1273,1616,9,39.92,0.03,19.93,Cholera
106,4572,39,4.57,0.77,27.76,Typhoid
5,4174,23,86.19,0.45,16.5,HepatitisA
812,1516,94,4.47,0.21,9.64,Dysentery
261,1469,12,15.92,0.43,8.75,Diarrhea
222,1092,12,17.52,0.27,10.51,Diarrhea
485,8462,6,40.55,0.02,11.22,Cholera
998,8356,9,32.1,0.07,19.67,Cholera
60,1758,22,1.65,0.49,17.71,Typhoid
150,1323,13,7.27,0.38,1.2,Diarrhea
1930,1672,30,9.83,0.01,1.56,Dysentery
456,1093,3,11.24,0.48,14.55,Diarrhea
111,3660,22,6.16,0.37,17.84,Typhoid
532,1589,20,4.57,0.04,4.69,Dysentery
440,142,10,17.53,0.42,12.73,Diarrhea
1789,9708,10,22.59,0.08,13.22,Cholera
180,2870,3,48.11,0.02,14.35,HepatitisA
91,424,14,2.92,0.8,27.75,Typhoid
99,2455,43,1.69,0.55,25.97,Typhoid
1512,1904,37,12.11,0.14,18.97,Dysentery
226,713,3,12.86,0.28,6.38,Diarrhea
306,1324,0,19.88,0.02,1.37,Diarrhea
50,1918,16,40.68,0.41,4.21,HepatitisA
584,1943,58,10.38,0.1,5.59,Dysentery
88,4995,28,39.96,0.2,0.49,HepatitisA
1264,1796,11,22.62,0.09,6.09,Cholera
1355,1054,4,34.56,0.02,4.48,Cholera
409,1218,16,47.0,0.03,7.83,Cholera
74,2054,14,4.93,0.25,22.64,Typhoid
1712,1038,92,13.52,0.26,10.63,Dysentery
145,3124,27,14.11,0.14,4.16,HepatitisA
168,915,47,5.7,0.28,1.93,Dysentery
1812,4965,10,22.46,0.09,14.38,Cholera
1922,9189,7,40.27,0.04,8.91,Cholera
452,662,1,6.35,0.48,12.71,Diarrhea
750,535,43,13.02,0.12,4.58,Dysentery
94,1457,31,1.32,0.77,22.79,Typhoid
513,5987,6,49.29,0.15,8.22,Cholera
29,4985,10,1.4,0.37,15.71,Typhoid
1863,789,62,4.29,0.17,4.87,Dysentery
68,1890,23,14.25,0.31,9.13,HepatitisA
243,756,11,15.12,0.22,5.0,Diarrhea
1416,1119,78,4.41,0.15,13.44,Dysentery
99,4239,14,25.89,0.04,19.77,HepatitisA
598,9143,7,21.92,0.04,4.21,Cholera
161,370,8,10.59,0.23,12.72,Diarrhea
93,264,34,8.9,0.37,21.92,Typhoid
392,1160,12,10.89,0.01,7.17,Diarrhea
40,1895,28,7.87,0.6,16.0,Typhoid
121,3137,30,6.58,0.21,17.82,Typhoid
169,1987,7,57.02,0.22,4.29,HepatitisA
483,155,9,14.32,0.34,7.0,Diarrhea
1268,1073,44,12.31,0.06,11.67,Dysentery
3,3081,11,40.17,0.17,15.62,HepatitisA
41,4538,46,6.26,0.53,23.66,Typhoid
256,1697,5,7.07,0.11,5.88,Cholera
25,2304,48,7.34,0.64,21.55,Typhoid
110,4924,29,34.82,0.43,9.86,HepatitisA
946,1655,46,14.76,0.06,19.46,Dysentery
106,5594,15,41.92,0.07,1.23,Cholera
1702,855,76,14.16,0.27,12.88,Dysentery
53,3248,8,98.49,0.29,16.96,HepatitisA
124,3824,25,3.21,0.35,19.03,Typhoid
100,4251,21,7.23,0.28,20.87,Typhoid
146,348,11,1.75,0.62,20.8,Typhoid
1088,650,94,11.42,0.28,10.1,Dysentery
44,682,33,4.57,0.33,23.78,Typhoid
352,1186,65,6.5,0.05,7.88,Dysentery
877,1900,89,9.82,0.11,2.65,Dysentery
977,4651,8,20.38,0.12,15.25,Cholera
115,130,3,18.59,0.07,0.84,Diarrhea
539,7613,16,30.12,0.12,9.02,Cholera
15,4993,44,2.22,0.44,23.42,Typhoid
170,1960,10,10.2,0.14,17.11,HepatitisA
1416,7920,10,45.41,0.14,11.84,Cholera
1666,943,55,7.49,0.13,11.6,Dysentery
1417,1351,29,13.55,0.2,2.24,Dysentery
118,503,10,9.18,0.1,2.47,Diarrhea
40,2289,0,56.29,0.05,5.67,HepatitisA
777,705,76,9.5,0.05,17.51,Dysentery
342,1011,4,10.1,0.06,5.82,Diarrhea
14,3510,45,5.65,0.75,22.2,Typhoid
14,1358,15,5.67,0.57,29.91,Typhoid
289,8536,6,25.57,0.01,3.14,Cholera
1553,850,73,9.71,0.14,3.57,Dysentery
956,7490,2,21.88,0.16,4.9,Cholera
408,1374,98,9.55,0.22,5.22,Dysentery
350,460,13,13.45,0.42,0.86,Diarrhea
343,9969,12,24.0,0.14,12.81,Cholera
73,1188,0,18.41,0.13,7.82,Diarrhea
317,7239,15,30.19,0.18,6.31,Cholera
1555,1177,27,12.3,0.17,2.81,Dysentery
1603,981,74,9.02,0.0,19.57,Dysentery
101,4086,26,7.48,0.3,22.11,Typhoid
47,3302,9,78.82,0.12,16.27,HepatitisA
1341,5025,4,6.7,0.17,4.35,Cholera
166,781,27,91.04,0.08,18.98,HepatitisA
970,1243,71,12.73,0.11,3.19,Dysentery
1723,1287,33,3.91,0.12,2.79,Dysentery
199,1022,22,19.69,0.47,7.33,HepatitisA
253,1525,14,13.77,0.31,4.13,Diarrhea
411,1631,5,4.23,0.41,3.81,Diarrhea
298,4294,0,10.24,0.15,7.2,Cholera
460,1565,3,8.41,0.16,8.46,Diarrhea
142,3382,18,62.95,0.07,10.71,HepatitisA
5,4364,15,25.36,0.42,13.51,HepatitisA
356,845,13,16.68,0.2,0.37,Diarrhea
126,1428,40,9.03,0.48,18.55,Typhoid
1379,803,18,32.31,0.11,2.32,Cholera
57,3157,13,25.73,0.25,17.67,HepatitisA
296,8071,1,25.34,0.11,15.47,Cholera
11,761,42,8.56,0.33,29.82,Typhoid
228,633,16,46.82,0.08,18.61,Cholera
75,4550,10,2.95,0.44,28.23,Typhoid
1286,1915,68,14.4,0.1,16.44,Dysentery
375,515,7,40.92,0.05,2.69,Cholera
425,992,11,15.09,0.31,10.6,Diarrhea
206,1859,60,14.93,0.06,6.43,Dysentery
369,295,2,5.12,0.28,10.34,Diarrhea
12,3385,30,9.1,0.75,17.86,Typhoid
55,2965,44,2.22,0.52,29.44,Typhoid
208,6760,8,25.62,0.17,15.4,Cholera
151,1976,11,5.64,0.22,6.24,Diarrhea
195,1843,8,19.2,0.12,7.37,Diarrhea
1841,3402,1,8.22,0.07,1.45,Cholera
384,1327,7,9.26,0.45,12.61,Diarrhea
495,546,8,18.47,0.41,3.28,Diarrhea
1080,2081,15,37.33,0.04,6.44,Cholera
124,997,22,9.42,0.38,15.14,Typhoid
39,3054,23,8.77,0.62,13.52,Typhoid
118,1205,30,8.25,0.65,19.56,Typhoid
700,1566,8,14.8,0.07,6.76,Cholera
128,2713,28,78.65,0.07,4.57,HepatitisA
1699,1569,57,8.4,0.25,14.83,Dysentery
109,487,12,67.69,0.42,1.4,HepatitisA
1198,7325,10,20.93,0.16,16.01,Cholera
1981,1332,97,13.46,0.07,1.54,Dysentery
59,412,11,3.64,0.43,22.27,Typhoid
1002,2916,19,26.82,0.02,18.28,Cholera
490,260,3,5.12,0.46,13.58,Diarrhea
451,227,14,13.34,0.16,14.16,Diarrhea
38,1591,37,1.03,0.44,23.78,Typhoid
483,1039,5,5.52,0.21,11.62,Diarrhea
143,1394,31,9.94,0.32,12.62,Typhoid
55,3721,21,8.0,0.5,12.18,Typhoid
280,1371,10,49.52,0.03,15.03,Cholera
263,9619,4,13.19,0.12,13.01,Cholera
98,724,29,38.48,0.45,5.26,HepatitisA
232,9208,1,8.99,0.08,2.64,Cholera
120,998,44,1.12,0.25,13.23,Typhoid
339,425,2,10.91,0.31,6.77,Diarrhea
266,1705,12,17.38,0.09,14.01,Diarrhea
475,815,14,8.66,0.4,11.92,Diarrhea
1740,1155,11,49.12,0.09,10.14,Cholera
58,1306,10,6.92,0.64,20.16,Typhoid
108,3195,23,6.57,0.56,24.7,Typhoid
59,2397,4,88.25,0.45,10.53,HepatitisA
69,310,8,15.67,0.11,2.21,Diarrhea
809,1614,96,12.29,0.06,9.75,Dysentery
129,2758,15,7.67,0.61,25.85,Typhoid
978,281,87,14.46,0.17,11.43,Dysentery
